zip_code,county,state,stcountyfp,rating_area
99553,Aleutians East Borough,AK,2013,
99571,Aleutians East Borough,AK,2013,
99583,Aleutians East Borough,AK,2013,
99612,Aleutians East Borough,AK,2013,
99661,Aleutians East Borough,AK,2013,
99546,Aleutians West Census Area,AK,2016,
99547,Aleutians West Census Area,AK,2016,
99591,Aleutians West Census Area,AK,2016,
99638,Aleutians West Census Area,AK,2016,
99660,Aleutians West Census Area,AK,2016,
99685,Aleutians West Census Area,AK,2016,
99692,Aleutians West Census Area,AK,2016,
99501,Anchorage Municipality,AK,2020,
99502,Anchorage Municipality,AK,2020,
99503,Anchorage Municipality,AK,2020,
99504,Anchorage Municipality,AK,2020,
99505,Anchorage Municipality,AK,2020,
99506,Anchorage Municipality,AK,2020,
99507,Anchorage Municipality,AK,2020,
99508,Anchorage Municipality,AK,2020,
99509,Anchorage Municipality,AK,2020,
99510,Anchorage Municipality,AK,2020,
99511,Anchorage Municipality,AK,2020,
99513,Anchorage Municipality,AK,2020,
99514,Anchorage Municipality,AK,2020,
99515,Anchorage Municipality,AK,2020,
99516,Anchorage Municipality,AK,2020,
99517,Anchorage Municipality,AK,2020,
99518,Anchorage Municipality,AK,2020,
99519,Anchorage Municipality,AK,2020,
99520,Anchorage Municipality,AK,2020,
99521,Anchorage Municipality,AK,2020,
99522,Anchorage Municipality,AK,2020,
99523,Anchorage Municipality,AK,2020,
99524,Anchorage Municipality,AK,2020,
99529,Anchorage Municipality,AK,2020,
99530,Anchorage Municipality,AK,2020,
99540,Anchorage Municipality,AK,2020,
99567,Anchorage Municipality,AK,2020,
99577,Anchorage Municipality,AK,2020,
99587,Anchorage Municipality,AK,2020,
99599,Anchorage Municipality,AK,2020,
99545,Bethel Census Area,AK,2050,
99551,Bethel Census Area,AK,2050,
99552,Bethel Census Area,AK,2050,
99557,Bethel Census Area,AK,2050,
99559,Bethel Census Area,AK,2050,
99561,Bethel Census Area,AK,2050,
99575,Bethel Census Area,AK,2050,
99578,Bethel Census Area,AK,2050,
99589,Bethel Census Area,AK,2050,
99607,Bethel Census Area,AK,2050,
99609,Bethel Census Area,AK,2050,
99614,Bethel Census Area,AK,2050,
99621,Bethel Census Area,AK,2050,
99622,Bethel Census Area,AK,2050,
99626,Bethel Census Area,AK,2050,
99630,Bethel Census Area,AK,2050,
99634,Bethel Census Area,AK,2050,
99637,Bethel Census Area,AK,2050,
99641,Bethel Census Area,AK,2050,
99651,Bethel Census Area,AK,2050,
99655,Bethel Census Area,AK,2050,
99656,Bethel Census Area,AK,2050,
99668,Bethel Census Area,AK,2050,
99679,Bethel Census Area,AK,2050,
99680,Bethel Census Area,AK,2050,
99681,Bethel Census Area,AK,2050,
99690,Bethel Census Area,AK,2050,
99613,Bristol Bay Borough,AK,2060,
99633,Bristol Bay Borough,AK,2060,
99670,Bristol Bay Borough,AK,2060,
99729,Denali Borough,AK,2068,
99743,Denali Borough,AK,2068,
99744,Denali Borough,AK,2068,
99755,Denali Borough,AK,2068,
99555,Dillingham Census Area,AK,2070,
99569,Dillingham Census Area,AK,2070,
99576,Dillingham Census Area,AK,2070,
99580,Dillingham Census Area,AK,2070,
99628,Dillingham Census Area,AK,2070,
99636,Dillingham Census Area,AK,2070,
99678,Dillingham Census Area,AK,2070,
99701,Fairbanks North Star Borough,AK,2090,
99702,Fairbanks North Star Borough,AK,2090,
99703,Fairbanks North Star Borough,AK,2090,
99705,Fairbanks North Star Borough,AK,2090,
99706,Fairbanks North Star Borough,AK,2090,
99707,Fairbanks North Star Borough,AK,2090,
99708,Fairbanks North Star Borough,AK,2090,
99709,Fairbanks North Star Borough,AK,2090,
99712,Fairbanks North Star Borough,AK,2090,
99714,Fairbanks North Star Borough,AK,2090,
99725,Fairbanks North Star Borough,AK,2090,
99775,Fairbanks North Star Borough,AK,2090,
99790,Fairbanks North Star Borough,AK,2090,
99827,Haines Borough,AK,2100,
99820,Hoonah-Angoon Census Area,AK,2105,
99825,Hoonah-Angoon Census Area,AK,2105,
99826,Hoonah-Angoon Census Area,AK,2105,
99829,Hoonah-Angoon Census Area,AK,2105,
99832,Hoonah-Angoon Census Area,AK,2105,
99841,Hoonah-Angoon Census Area,AK,2105,
99801,Juneau City and Borough,AK,2110,
99811,Juneau City and Borough,AK,2110,
99824,Juneau City and Borough,AK,2110,
99556,Kenai Peninsula Borough,AK,2122,
99568,Kenai Peninsula Borough,AK,2122,
99572,Kenai Peninsula Borough,AK,2122,
99603,Kenai Peninsula Borough,AK,2122,
99605,Kenai Peninsula Borough,AK,2122,
99610,Kenai Peninsula Borough,AK,2122,
99611,Kenai Peninsula Borough,AK,2122,
99631,Kenai Peninsula Borough,AK,2122,
99635,Kenai Peninsula Borough,AK,2122,
99639,Kenai Peninsula Borough,AK,2122,
99663,Kenai Peninsula Borough,AK,2122,
99664,Kenai Peninsula Borough,AK,2122,
99669,Kenai Peninsula Borough,AK,2122,
99672,Kenai Peninsula Borough,AK,2122,
99682,Kenai Peninsula Borough,AK,2122,
99901,Ketchikan Gateway Borough,AK,2130,
99928,Ketchikan Gateway Borough,AK,2130,
99550,Kodiak Island Borough,AK,2150,
99608,Kodiak Island Borough,AK,2150,
99615,Kodiak Island Borough,AK,2150,
99624,Kodiak Island Borough,AK,2150,
99643,Kodiak Island Borough,AK,2150,
99644,Kodiak Island Borough,AK,2150,
99548,Lake and Peninsula Borough,AK,2164,
99549,Lake and Peninsula Borough,AK,2164,
99564,Lake and Peninsula Borough,AK,2164,
99565,Lake and Peninsula Borough,AK,2164,
99579,Lake and Peninsula Borough,AK,2164,
99606,Lake and Peninsula Borough,AK,2164,
99625,Lake and Peninsula Borough,AK,2164,
99640,Lake and Peninsula Borough,AK,2164,
99647,Lake and Peninsula Borough,AK,2164,
99648,Lake and Peninsula Borough,AK,2164,
99649,Lake and Peninsula Borough,AK,2164,
99653,Lake and Peninsula Borough,AK,2164,
99623,Matanuska-Susitna Borough,AK,2170,
99645,Matanuska-Susitna Borough,AK,2170,
99652,Matanuska-Susitna Borough,AK,2170,
99654,Matanuska-Susitna Borough,AK,2170,
99667,Matanuska-Susitna Borough,AK,2170,
99674,Matanuska-Susitna Borough,AK,2170,
99676,Matanuska-Susitna Borough,AK,2170,
99683,Matanuska-Susitna Borough,AK,2170,
99687,Matanuska-Susitna Borough,AK,2170,
99688,Matanuska-Susitna Borough,AK,2170,
99694,Matanuska-Susitna Borough,AK,2170,
99659,Nome Census Area,AK,2180,
99671,Nome Census Area,AK,2180,
99684,Nome Census Area,AK,2180,
99739,Nome Census Area,AK,2180,
99742,Nome Census Area,AK,2180,
99753,Nome Census Area,AK,2180,
99762,Nome Census Area,AK,2180,
99769,Nome Census Area,AK,2180,
99771,Nome Census Area,AK,2180,
99772,Nome Census Area,AK,2180,
99778,Nome Census Area,AK,2180,
99783,Nome Census Area,AK,2180,
99784,Nome Census Area,AK,2180,
99785,Nome Census Area,AK,2180,
99721,North Slope Borough,AK,2185,
99723,North Slope Borough,AK,2185,
99734,North Slope Borough,AK,2185,
99747,North Slope Borough,AK,2185,
99759,North Slope Borough,AK,2185,
99766,North Slope Borough,AK,2185,
99782,North Slope Borough,AK,2185,
99789,North Slope Borough,AK,2185,
99791,North Slope Borough,AK,2185,
99727,Northwest Arctic Borough,AK,2188,
99736,Northwest Arctic Borough,AK,2188,
99749,Northwest Arctic Borough,AK,2188,
99750,Northwest Arctic Borough,AK,2188,
99751,Northwest Arctic Borough,AK,2188,
99752,Northwest Arctic Borough,AK,2188,
99761,Northwest Arctic Borough,AK,2188,
99763,Northwest Arctic Borough,AK,2188,
99770,Northwest Arctic Borough,AK,2188,
99773,Northwest Arctic Borough,AK,2188,
99786,Northwest Arctic Borough,AK,2188,
99830,Petersburg Census Area,AK,2195,
99833,Petersburg Census Area,AK,2195,
99836,Petersburg Census Area,AK,2195,
99918,Prince of Wales-Hyder Census Area,AK,2198,
99919,Prince of Wales-Hyder Census Area,AK,2198,
99921,Prince of Wales-Hyder Census Area,AK,2198,
99922,Prince of Wales-Hyder Census Area,AK,2198,
99923,Prince of Wales-Hyder Census Area,AK,2198,
99925,Prince of Wales-Hyder Census Area,AK,2198,
99926,Prince of Wales-Hyder Census Area,AK,2198,
99927,Prince of Wales-Hyder Census Area,AK,2198,
99835,Sitka City and Borough,AK,2220,
99840,Skagway Municipality,AK,2230,
99731,Southeast Fairbanks Census Area,AK,2240,
99732,Southeast Fairbanks Census Area,AK,2240,
99737,Southeast Fairbanks Census Area,AK,2240,
99738,Southeast Fairbanks Census Area,AK,2240,
99764,Southeast Fairbanks Census Area,AK,2240,
99776,Southeast Fairbanks Census Area,AK,2240,
99780,Southeast Fairbanks Census Area,AK,2240,
99566,Valdez-Cordova Census Area,AK,2261,
99573,Valdez-Cordova Census Area,AK,2261,
99574,Valdez-Cordova Census Area,AK,2261,
99586,Valdez-Cordova Census Area,AK,2261,
99588,Valdez-Cordova Census Area,AK,2261,
99677,Valdez-Cordova Census Area,AK,2261,
99686,Valdez-Cordova Census Area,AK,2261,
99693,Valdez-Cordova Census Area,AK,2261,
99554,Wade Hampton Census Area,AK,2270,
99563,Wade Hampton Census Area,AK,2270,
99581,Wade Hampton Census Area,AK,2270,
99585,Wade Hampton Census Area,AK,2270,
99604,Wade Hampton Census Area,AK,2270,
99620,Wade Hampton Census Area,AK,2270,
99632,Wade Hampton Census Area,AK,2270,
99650,Wade Hampton Census Area,AK,2270,
99657,Wade Hampton Census Area,AK,2270,
99658,Wade Hampton Census Area,AK,2270,
99662,Wade Hampton Census Area,AK,2270,
99666,Wade Hampton Census Area,AK,2270,
99903,Wrangell City and Borough,AK,2275,
99929,Wrangell City and Borough,AK,2275,
99689,Yakutat City and Borough,AK,2282,
99558,Yukon-Koyukuk Census Area,AK,2290,
99590,Yukon-Koyukuk Census Area,AK,2290,
99602,Yukon-Koyukuk Census Area,AK,2290,
99627,Yukon-Koyukuk Census Area,AK,2290,
99665,Yukon-Koyukuk Census Area,AK,2290,
99675,Yukon-Koyukuk Census Area,AK,2290,
99691,Yukon-Koyukuk Census Area,AK,2290,
99704,Yukon-Koyukuk Census Area,AK,2290,
99720,Yukon-Koyukuk Census Area,AK,2290,
99722,Yukon-Koyukuk Census Area,AK,2290,
99724,Yukon-Koyukuk Census Area,AK,2290,
99726,Yukon-Koyukuk Census Area,AK,2290,
99730,Yukon-Koyukuk Census Area,AK,2290,
99733,Yukon-Koyukuk Census Area,AK,2290,
99740,Yukon-Koyukuk Census Area,AK,2290,
99741,Yukon-Koyukuk Census Area,AK,2290,
99745,Yukon-Koyukuk Census Area,AK,2290,
99746,Yukon-Koyukuk Census Area,AK,2290,
99748,Yukon-Koyukuk Census Area,AK,2290,
99754,Yukon-Koyukuk Census Area,AK,2290,
99756,Yukon-Koyukuk Census Area,AK,2290,
99757,Yukon-Koyukuk Census Area,AK,2290,
99758,Yukon-Koyukuk Census Area,AK,2290,
99760,Yukon-Koyukuk Census Area,AK,2290,
99765,Yukon-Koyukuk Census Area,AK,2290,
99767,Yukon-Koyukuk Census Area,AK,2290,
99768,Yukon-Koyukuk Census Area,AK,2290,
99774,Yukon-Koyukuk Census Area,AK,2290,
99777,Yukon-Koyukuk Census Area,AK,2290,
99781,Yukon-Koyukuk Census Area,AK,2290,
99788,Yukon-Koyukuk Census Area,AK,2290,
90001,Los Angeles,CA,6037,
90002,Los Angeles,CA,6037,
90003,Los Angeles,CA,6037,
90004,Los Angeles,CA,6037,
90005,Los Angeles,CA,6037,
90006,Los Angeles,CA,6037,
90007,Los Angeles,CA,6037,
90008,Los Angeles,CA,6037,
90009,Los Angeles,CA,6037,
90010,Los Angeles,CA,6037,
90011,Los Angeles,CA,6037,
90012,Los Angeles,CA,6037,
90013,Los Angeles,CA,6037,
90014,Los Angeles,CA,6037,
90015,Los Angeles,CA,6037,
90016,Los Angeles,CA,6037,
90017,Los Angeles,CA,6037,
90018,Los Angeles,CA,6037,
90019,Los Angeles,CA,6037,
90020,Los Angeles,CA,6037,
90021,Los Angeles,CA,6037,
90022,Los Angeles,CA,6037,
90023,Los Angeles,CA,6037,
90024,Los Angeles,CA,6037,
90025,Los Angeles,CA,6037,
90026,Los Angeles,CA,6037,
90027,Los Angeles,CA,6037,
90028,Los Angeles,CA,6037,
90029,Los Angeles,CA,6037,
90030,Los Angeles,CA,6037,
90031,Los Angeles,CA,6037,
90032,Los Angeles,CA,6037,
90033,Los Angeles,CA,6037,
90034,Los Angeles,CA,6037,
90035,Los Angeles,CA,6037,
90036,Los Angeles,CA,6037,
90037,Los Angeles,CA,6037,
90038,Los Angeles,CA,6037,
90039,Los Angeles,CA,6037,
90040,Los Angeles,CA,6037,
90041,Los Angeles,CA,6037,
90042,Los Angeles,CA,6037,
90043,Los Angeles,CA,6037,
90044,Los Angeles,CA,6037,
90045,Los Angeles,CA,6037,
90046,Los Angeles,CA,6037,
90047,Los Angeles,CA,6037,
90048,Los Angeles,CA,6037,
90049,Los Angeles,CA,6037,
90050,Los Angeles,CA,6037,
90051,Los Angeles,CA,6037,
90052,Los Angeles,CA,6037,
90053,Los Angeles,CA,6037,
90054,Los Angeles,CA,6037,
90055,Los Angeles,CA,6037,
90056,Los Angeles,CA,6037,
90057,Los Angeles,CA,6037,
90058,Los Angeles,CA,6037,
90059,Los Angeles,CA,6037,
90060,Los Angeles,CA,6037,
90061,Los Angeles,CA,6037,
90062,Los Angeles,CA,6037,
90063,Los Angeles,CA,6037,
90064,Los Angeles,CA,6037,
90065,Los Angeles,CA,6037,
90066,Los Angeles,CA,6037,
90067,Los Angeles,CA,6037,
90068,Los Angeles,CA,6037,
90069,Los Angeles,CA,6037,
90070,Los Angeles,CA,6037,
90071,Los Angeles,CA,6037,
90072,Los Angeles,CA,6037,
90073,Los Angeles,CA,6037,
90074,Los Angeles,CA,6037,
90075,Los Angeles,CA,6037,
90076,Los Angeles,CA,6037,
90077,Los Angeles,CA,6037,
90078,Los Angeles,CA,6037,
90079,Los Angeles,CA,6037,
90081,Los Angeles,CA,6037,
90082,Los Angeles,CA,6037,
90083,Los Angeles,CA,6037,
90084,Los Angeles,CA,6037,
90086,Los Angeles,CA,6037,
90087,Los Angeles,CA,6037,
90089,Los Angeles,CA,6037,
90090,Los Angeles,CA,6037,
90091,Los Angeles,CA,6037,
90093,Los Angeles,CA,6037,
90094,Los Angeles,CA,6037,
90095,Los Angeles,CA,6037,
90099,Los Angeles,CA,6037,
90201,Los Angeles,CA,6037,
90202,Los Angeles,CA,6037,
90209,Los Angeles,CA,6037,
90210,Los Angeles,CA,6037,
90211,Los Angeles,CA,6037,
90212,Los Angeles,CA,6037,
90213,Los Angeles,CA,6037,
90220,Los Angeles,CA,6037,
90221,Los Angeles,CA,6037,
90222,Los Angeles,CA,6037,
90223,Los Angeles,CA,6037,
90224,Los Angeles,CA,6037,
90230,Los Angeles,CA,6037,
90231,Los Angeles,CA,6037,
90232,Los Angeles,CA,6037,
90239,Los Angeles,CA,6037,
90240,Los Angeles,CA,6037,
90241,Los Angeles,CA,6037,
90242,Los Angeles,CA,6037,
90245,Los Angeles,CA,6037,
90247,Los Angeles,CA,6037,
90248,Los Angeles,CA,6037,
90249,Los Angeles,CA,6037,
90250,Los Angeles,CA,6037,
90251,Los Angeles,CA,6037,
90254,Los Angeles,CA,6037,
90255,Los Angeles,CA,6037,
90260,Los Angeles,CA,6037,
90261,Los Angeles,CA,6037,
90262,Los Angeles,CA,6037,
90263,Los Angeles,CA,6037,
90264,Los Angeles,CA,6037,
90265,Los Angeles,CA,6037,
90266,Los Angeles,CA,6037,
90267,Los Angeles,CA,6037,
90270,Los Angeles,CA,6037,
90272,Los Angeles,CA,6037,
90274,Los Angeles,CA,6037,
90275,Los Angeles,CA,6037,
90277,Los Angeles,CA,6037,
90278,Los Angeles,CA,6037,
90280,Los Angeles,CA,6037,
90290,Los Angeles,CA,6037,
90291,Los Angeles,CA,6037,
90292,Los Angeles,CA,6037,
90293,Los Angeles,CA,6037,
90294,Los Angeles,CA,6037,
90295,Los Angeles,CA,6037,
90296,Los Angeles,CA,6037,
90301,Los Angeles,CA,6037,
90302,Los Angeles,CA,6037,
90303,Los Angeles,CA,6037,
90304,Los Angeles,CA,6037,
90305,Los Angeles,CA,6037,
90306,Los Angeles,CA,6037,
90307,Los Angeles,CA,6037,
90308,Los Angeles,CA,6037,
90309,Los Angeles,CA,6037,
90310,Los Angeles,CA,6037,
90401,Los Angeles,CA,6037,
90402,Los Angeles,CA,6037,
90403,Los Angeles,CA,6037,
90404,Los Angeles,CA,6037,
90405,Los Angeles,CA,6037,
90406,Los Angeles,CA,6037,
90408,Los Angeles,CA,6037,
90409,Los Angeles,CA,6037,
90501,Los Angeles,CA,6037,
90502,Los Angeles,CA,6037,
90503,Los Angeles,CA,6037,
90504,Los Angeles,CA,6037,
90505,Los Angeles,CA,6037,
90506,Los Angeles,CA,6037,
90507,Los Angeles,CA,6037,
90508,Los Angeles,CA,6037,
90509,Los Angeles,CA,6037,
90510,Los Angeles,CA,6037,
90601,Los Angeles,CA,6037,
90602,Los Angeles,CA,6037,
90603,Los Angeles,CA,6037,
90604,Los Angeles,CA,6037,
90605,Los Angeles,CA,6037,
90606,Los Angeles,CA,6037,
90607,Los Angeles,CA,6037,
90608,Los Angeles,CA,6037,
90609,Los Angeles,CA,6037,
90610,Los Angeles,CA,6037,
90623,Los Angeles,CA,6037,
90630,Los Angeles,CA,6037,
90631,Los Angeles,CA,6037,
90637,Los Angeles,CA,6037,
90638,Los Angeles,CA,6037,
90639,Los Angeles,CA,6037,
90640,Los Angeles,CA,6037,
90650,Los Angeles,CA,6037,
90651,Los Angeles,CA,6037,
90652,Los Angeles,CA,6037,
90660,Los Angeles,CA,6037,
90661,Los Angeles,CA,6037,
90662,Los Angeles,CA,6037,
90670,Los Angeles,CA,6037,
90671,Los Angeles,CA,6037,
90701,Los Angeles,CA,6037,
90702,Los Angeles,CA,6037,
90703,Los Angeles,CA,6037,
90704,Los Angeles,CA,6037,
90706,Los Angeles,CA,6037,
90707,Los Angeles,CA,6037,
90710,Los Angeles,CA,6037,
90711,Los Angeles,CA,6037,
90712,Los Angeles,CA,6037,
90713,Los Angeles,CA,6037,
90714,Los Angeles,CA,6037,
90715,Los Angeles,CA,6037,
90716,Los Angeles,CA,6037,
90717,Los Angeles,CA,6037,
90723,Los Angeles,CA,6037,
90731,Los Angeles,CA,6037,
90732,Los Angeles,CA,6037,
90733,Los Angeles,CA,6037,
90734,Los Angeles,CA,6037,
90744,Los Angeles,CA,6037,
90745,Los Angeles,CA,6037,
90746,Los Angeles,CA,6037,
90747,Los Angeles,CA,6037,
90748,Los Angeles,CA,6037,
90749,Los Angeles,CA,6037,
90755,Los Angeles,CA,6037,
90801,Los Angeles,CA,6037,
90802,Los Angeles,CA,6037,
90803,Los Angeles,CA,6037,
90804,Los Angeles,CA,6037,
90805,Los Angeles,CA,6037,
90806,Los Angeles,CA,6037,
90807,Los Angeles,CA,6037,
90808,Los Angeles,CA,6037,
90809,Los Angeles,CA,6037,
90810,Los Angeles,CA,6037,
90813,Los Angeles,CA,6037,
90814,Los Angeles,CA,6037,
90815,Los Angeles,CA,6037,
90822,Los Angeles,CA,6037,
90831,Los Angeles,CA,6037,
90832,Los Angeles,CA,6037,
90833,Los Angeles,CA,6037,
90840,Los Angeles,CA,6037,
90844,Los Angeles,CA,6037,
90846,Los Angeles,CA,6037,
90853,Los Angeles,CA,6037,
90895,Los Angeles,CA,6037,
90899,Los Angeles,CA,6037,
91001,Los Angeles,CA,6037,
91003,Los Angeles,CA,6037,
91006,Los Angeles,CA,6037,
91007,Los Angeles,CA,6037,
91008,Los Angeles,CA,6037,
91009,Los Angeles,CA,6037,
91010,Los Angeles,CA,6037,
91011,Los Angeles,CA,6037,
91012,Los Angeles,CA,6037,
91016,Los Angeles,CA,6037,
91017,Los Angeles,CA,6037,
91020,Los Angeles,CA,6037,
91021,Los Angeles,CA,6037,
91023,Los Angeles,CA,6037,
91024,Los Angeles,CA,6037,
91025,Los Angeles,CA,6037,
91030,Los Angeles,CA,6037,
91031,Los Angeles,CA,6037,
91040,Los Angeles,CA,6037,
91041,Los Angeles,CA,6037,
91042,Los Angeles,CA,6037,
91043,Los Angeles,CA,6037,
91046,Los Angeles,CA,6037,
91066,Los Angeles,CA,6037,
91077,Los Angeles,CA,6037,
91101,Los Angeles,CA,6037,
91102,Los Angeles,CA,6037,
91103,Los Angeles,CA,6037,
91104,Los Angeles,CA,6037,
91105,Los Angeles,CA,6037,
91106,Los Angeles,CA,6037,
91107,Los Angeles,CA,6037,
91108,Los Angeles,CA,6037,
91109,Los Angeles,CA,6037,
91114,Los Angeles,CA,6037,
91115,Los Angeles,CA,6037,
91116,Los Angeles,CA,6037,
91117,Los Angeles,CA,6037,
91118,Los Angeles,CA,6037,
91121,Los Angeles,CA,6037,
91123,Los Angeles,CA,6037,
91124,Los Angeles,CA,6037,
91125,Los Angeles,CA,6037,
91126,Los Angeles,CA,6037,
91129,Los Angeles,CA,6037,
91182,Los Angeles,CA,6037,
91184,Los Angeles,CA,6037,
91185,Los Angeles,CA,6037,
91188,Los Angeles,CA,6037,
91189,Los Angeles,CA,6037,
91199,Los Angeles,CA,6037,
91201,Los Angeles,CA,6037,
91202,Los Angeles,CA,6037,
91203,Los Angeles,CA,6037,
91204,Los Angeles,CA,6037,
91205,Los Angeles,CA,6037,
91206,Los Angeles,CA,6037,
91207,Los Angeles,CA,6037,
91208,Los Angeles,CA,6037,
91209,Los Angeles,CA,6037,
91210,Los Angeles,CA,6037,
91214,Los Angeles,CA,6037,
91221,Los Angeles,CA,6037,
91222,Los Angeles,CA,6037,
91224,Los Angeles,CA,6037,
91225,Los Angeles,CA,6037,
91226,Los Angeles,CA,6037,
91301,Los Angeles,CA,6037,
91302,Los Angeles,CA,6037,
91303,Los Angeles,CA,6037,
91304,Los Angeles,CA,6037,
91305,Los Angeles,CA,6037,
91306,Los Angeles,CA,6037,
91307,Los Angeles,CA,6037,
91308,Los Angeles,CA,6037,
91309,Los Angeles,CA,6037,
91310,Los Angeles,CA,6037,
91311,Los Angeles,CA,6037,
91313,Los Angeles,CA,6037,
91316,Los Angeles,CA,6037,
91321,Los Angeles,CA,6037,
91324,Los Angeles,CA,6037,
91325,Los Angeles,CA,6037,
91326,Los Angeles,CA,6037,
91327,Los Angeles,CA,6037,
91328,Los Angeles,CA,6037,
91329,Los Angeles,CA,6037,
91330,Los Angeles,CA,6037,
91331,Los Angeles,CA,6037,
91333,Los Angeles,CA,6037,
91334,Los Angeles,CA,6037,
91335,Los Angeles,CA,6037,
91337,Los Angeles,CA,6037,
91340,Los Angeles,CA,6037,
91341,Los Angeles,CA,6037,
91342,Los Angeles,CA,6037,
91343,Los Angeles,CA,6037,
91344,Los Angeles,CA,6037,
91345,Los Angeles,CA,6037,
91346,Los Angeles,CA,6037,
91350,Los Angeles,CA,6037,
91351,Los Angeles,CA,6037,
91352,Los Angeles,CA,6037,
91353,Los Angeles,CA,6037,
91354,Los Angeles,CA,6037,
91355,Los Angeles,CA,6037,
91356,Los Angeles,CA,6037,
91357,Los Angeles,CA,6037,
91361,Los Angeles,CA,6037,
91362,Los Angeles,CA,6037,
91364,Los Angeles,CA,6037,
91365,Los Angeles,CA,6037,
91367,Los Angeles,CA,6037,
91371,Los Angeles,CA,6037,
91372,Los Angeles,CA,6037,
91376,Los Angeles,CA,6037,
91380,Los Angeles,CA,6037,
91381,Los Angeles,CA,6037,
91382,Los Angeles,CA,6037,
91383,Los Angeles,CA,6037,
91384,Los Angeles,CA,6037,
91385,Los Angeles,CA,6037,
91386,Los Angeles,CA,6037,
91387,Los Angeles,CA,6037,
91390,Los Angeles,CA,6037,
91392,Los Angeles,CA,6037,
91393,Los Angeles,CA,6037,
91394,Los Angeles,CA,6037,
91395,Los Angeles,CA,6037,
91396,Los Angeles,CA,6037,
91401,Los Angeles,CA,6037,
91402,Los Angeles,CA,6037,
91403,Los Angeles,CA,6037,
91404,Los Angeles,CA,6037,
91405,Los Angeles,CA,6037,
91406,Los Angeles,CA,6037,
91407,Los Angeles,CA,6037,
91408,Los Angeles,CA,6037,
91409,Los Angeles,CA,6037,
91411,Los Angeles,CA,6037,
91412,Los Angeles,CA,6037,
91413,Los Angeles,CA,6037,
91416,Los Angeles,CA,6037,
91423,Los Angeles,CA,6037,
91426,Los Angeles,CA,6037,
91436,Los Angeles,CA,6037,
91470,Los Angeles,CA,6037,
91482,Los Angeles,CA,6037,
91495,Los Angeles,CA,6037,
91496,Los Angeles,CA,6037,
91499,Los Angeles,CA,6037,
91501,Los Angeles,CA,6037,
91502,Los Angeles,CA,6037,
91503,Los Angeles,CA,6037,
91504,Los Angeles,CA,6037,
91505,Los Angeles,CA,6037,
91506,Los Angeles,CA,6037,
91507,Los Angeles,CA,6037,
91508,Los Angeles,CA,6037,
91510,Los Angeles,CA,6037,
91521,Los Angeles,CA,6037,
91522,Los Angeles,CA,6037,
91523,Los Angeles,CA,6037,
91601,Los Angeles,CA,6037,
91602,Los Angeles,CA,6037,
91603,Los Angeles,CA,6037,
91604,Los Angeles,CA,6037,
91605,Los Angeles,CA,6037,
91606,Los Angeles,CA,6037,
91607,Los Angeles,CA,6037,
91608,Los Angeles,CA,6037,
91609,Los Angeles,CA,6037,
91610,Los Angeles,CA,6037,
91611,Los Angeles,CA,6037,
91612,Los Angeles,CA,6037,
91614,Los Angeles,CA,6037,
91615,Los Angeles,CA,6037,
91617,Los Angeles,CA,6037,
91702,Los Angeles,CA,6037,
91706,Los Angeles,CA,6037,
91709,Los Angeles,CA,6037,
91710,Los Angeles,CA,6037,
91711,Los Angeles,CA,6037,
91714,Los Angeles,CA,6037,
91715,Los Angeles,CA,6037,
91716,Los Angeles,CA,6037,
91722,Los Angeles,CA,6037,
91723,Los Angeles,CA,6037,
91724,Los Angeles,CA,6037,
91731,Los Angeles,CA,6037,
91732,Los Angeles,CA,6037,
91733,Los Angeles,CA,6037,
91734,Los Angeles,CA,6037,
91740,Los Angeles,CA,6037,
91741,Los Angeles,CA,6037,
91744,Los Angeles,CA,6037,
91745,Los Angeles,CA,6037,
91746,Los Angeles,CA,6037,
91747,Los Angeles,CA,6037,
91748,Los Angeles,CA,6037,
91750,Los Angeles,CA,6037,
91754,Los Angeles,CA,6037,
91755,Los Angeles,CA,6037,
91756,Los Angeles,CA,6037,
91765,Los Angeles,CA,6037,
91766,Los Angeles,CA,6037,
91767,Los Angeles,CA,6037,
91768,Los Angeles,CA,6037,
91769,Los Angeles,CA,6037,
91770,Los Angeles,CA,6037,
91771,Los Angeles,CA,6037,
91772,Los Angeles,CA,6037,
91773,Los Angeles,CA,6037,
91775,Los Angeles,CA,6037,
91776,Los Angeles,CA,6037,
91778,Los Angeles,CA,6037,
91780,Los Angeles,CA,6037,
91786,Los Angeles,CA,6037,
91788,Los Angeles,CA,6037,
91789,Los Angeles,CA,6037,
91790,Los Angeles,CA,6037,
91791,Los Angeles,CA,6037,
91792,Los Angeles,CA,6037,
91793,Los Angeles,CA,6037,
91801,Los Angeles,CA,6037,
91802,Los Angeles,CA,6037,
91803,Los Angeles,CA,6037,
91804,Los Angeles,CA,6037,
91896,Los Angeles,CA,6037,
91899,Los Angeles,CA,6037,
93063,Los Angeles,CA,6037,
93243,Los Angeles,CA,6037,
93510,Los Angeles,CA,6037,
93532,Los Angeles,CA,6037,
93534,Los Angeles,CA,6037,
93535,Los Angeles,CA,6037,
93536,Los Angeles,CA,6037,
93539,Los Angeles,CA,6037,
93543,Los Angeles,CA,6037,
93544,Los Angeles,CA,6037,
93550,Los Angeles,CA,6037,
93551,Los Angeles,CA,6037,
93552,Los Angeles,CA,6037,
93553,Los Angeles,CA,6037,
93560,Los Angeles,CA,6037,
93563,Los Angeles,CA,6037,
93584,Los Angeles,CA,6037,
93586,Los Angeles,CA,6037,
93590,Los Angeles,CA,6037,
93591,Los Angeles,CA,6037,
93599,Los Angeles,CA,6037,
91701,San Bernardino,CA,6071,
91708,San Bernardino,CA,6071,
91709,San Bernardino,CA,6071,
91710,San Bernardino,CA,6071,
91729,San Bernardino,CA,6071,
91730,San Bernardino,CA,6071,
91737,San Bernardino,CA,6071,
91739,San Bernardino,CA,6071,
91743,San Bernardino,CA,6071,
91752,San Bernardino,CA,6071,
91759,San Bernardino,CA,6071,
91761,San Bernardino,CA,6071,
91762,San Bernardino,CA,6071,
91763,San Bernardino,CA,6071,
91764,San Bernardino,CA,6071,
91766,San Bernardino,CA,6071,
91784,San Bernardino,CA,6071,
91785,San Bernardino,CA,6071,
91786,San Bernardino,CA,6071,
92225,San Bernardino,CA,6071,
92242,San Bernardino,CA,6071,
92252,San Bernardino,CA,6071,
92256,San Bernardino,CA,6071,
92267,San Bernardino,CA,6071,
92268,San Bernardino,CA,6071,
92277,San Bernardino,CA,6071,
92278,San Bernardino,CA,6071,
92280,San Bernardino,CA,6071,
92284,San Bernardino,CA,6071,
92285,San Bernardino,CA,6071,
92286,San Bernardino,CA,6071,
92301,San Bernardino,CA,6071,
92304,San Bernardino,CA,6071,
92305,San Bernardino,CA,6071,
92307,San Bernardino,CA,6071,
92308,San Bernardino,CA,6071,
92309,San Bernardino,CA,6071,
92310,San Bernardino,CA,6071,
92311,San Bernardino,CA,6071,
92312,San Bernardino,CA,6071,
92313,San Bernardino,CA,6071,
92314,San Bernardino,CA,6071,
92315,San Bernardino,CA,6071,
92316,San Bernardino,CA,6071,
92317,San Bernardino,CA,6071,
92318,San Bernardino,CA,6071,
92320,San Bernardino,CA,6071,
92321,San Bernardino,CA,6071,
92322,San Bernardino,CA,6071,
92323,San Bernardino,CA,6071,
92324,San Bernardino,CA,6071,
92325,San Bernardino,CA,6071,
92327,San Bernardino,CA,6071,
92329,San Bernardino,CA,6071,
92331,San Bernardino,CA,6071,
92332,San Bernardino,CA,6071,
92333,San Bernardino,CA,6071,
92334,San Bernardino,CA,6071,
92335,San Bernardino,CA,6071,
92336,San Bernardino,CA,6071,
92337,San Bernardino,CA,6071,
92338,San Bernardino,CA,6071,
92339,San Bernardino,CA,6071,
92340,San Bernardino,CA,6071,
92341,San Bernardino,CA,6071,
92342,San Bernardino,CA,6071,
92344,San Bernardino,CA,6071,
92345,San Bernardino,CA,6071,
92346,San Bernardino,CA,6071,
92347,San Bernardino,CA,6071,
92350,San Bernardino,CA,6071,
92352,San Bernardino,CA,6071,
92354,San Bernardino,CA,6071,
92356,San Bernardino,CA,6071,
92357,San Bernardino,CA,6071,
92358,San Bernardino,CA,6071,
92359,San Bernardino,CA,6071,
92363,San Bernardino,CA,6071,
92364,San Bernardino,CA,6071,
92365,San Bernardino,CA,6071,
92366,San Bernardino,CA,6071,
92368,San Bernardino,CA,6071,
92369,San Bernardino,CA,6071,
92371,San Bernardino,CA,6071,
92372,San Bernardino,CA,6071,
92373,San Bernardino,CA,6071,
92374,San Bernardino,CA,6071,
92375,San Bernardino,CA,6071,
92376,San Bernardino,CA,6071,
92377,San Bernardino,CA,6071,
92378,San Bernardino,CA,6071,
92382,San Bernardino,CA,6071,
92385,San Bernardino,CA,6071,
92386,San Bernardino,CA,6071,
92391,San Bernardino,CA,6071,
92392,San Bernardino,CA,6071,
92393,San Bernardino,CA,6071,
92394,San Bernardino,CA,6071,
92395,San Bernardino,CA,6071,
92397,San Bernardino,CA,6071,
92398,San Bernardino,CA,6071,
92399,San Bernardino,CA,6071,
92401,San Bernardino,CA,6071,
92402,San Bernardino,CA,6071,
92403,San Bernardino,CA,6071,
92404,San Bernardino,CA,6071,
92405,San Bernardino,CA,6071,
92406,San Bernardino,CA,6071,
92407,San Bernardino,CA,6071,
92408,San Bernardino,CA,6071,
92410,San Bernardino,CA,6071,
92411,San Bernardino,CA,6071,
92413,San Bernardino,CA,6071,
92415,San Bernardino,CA,6071,
92418,San Bernardino,CA,6071,
92423,San Bernardino,CA,6071,
92427,San Bernardino,CA,6071,
92509,San Bernardino,CA,6071,
92880,San Bernardino,CA,6071,
93516,San Bernardino,CA,6071,
93555,San Bernardino,CA,6071,
93562,San Bernardino,CA,6071,
33865,DeSoto,FL,12027,
34266,DeSoto,FL,12027,
34267,DeSoto,FL,12027,
34268,DeSoto,FL,12027,
34269,DeSoto,FL,12027,
30110,Haralson,GA,13143,
30113,Haralson,GA,13143,
30140,Haralson,GA,13143,
30153,Haralson,GA,13143,
30176,Haralson,GA,13143,
30179,Haralson,GA,13143,
30182,Haralson,GA,13143,
83616,Ada,ID,16001,
83634,Ada,ID,16001,
83641,Ada,ID,16001,
83642,Ada,ID,16001,
83646,Ada,ID,16001,
83669,Ada,ID,16001,
83680,Ada,ID,16001,
83687,Ada,ID,16001,
83701,Ada,ID,16001,
83702,Ada,ID,16001,
83703,Ada,ID,16001,
83704,Ada,ID,16001,
83705,Ada,ID,16001,
83706,Ada,ID,16001,
83707,Ada,ID,16001,
83708,Ada,ID,16001,
83709,Ada,ID,16001,
83711,Ada,ID,16001,
83712,Ada,ID,16001,
83713,Ada,ID,16001,
83714,Ada,ID,16001,
83715,Ada,ID,16001,
83716,Ada,ID,16001,
83717,Ada,ID,16001,
83719,Ada,ID,16001,
83720,Ada,ID,16001,
83724,Ada,ID,16001,
83725,Ada,ID,16001,
83728,Ada,ID,16001,
83729,Ada,ID,16001,
83735,Ada,ID,16001,
83547,Adams,ID,16003,
83612,Adams,ID,16003,
83632,Adams,ID,16003,
83638,Adams,ID,16003,
83643,Adams,ID,16003,
83654,Adams,ID,16003,
83201,Bannock,ID,16005,
83202,Bannock,ID,16005,
83204,Bannock,ID,16005,
83205,Bannock,ID,16005,
83206,Bannock,ID,16005,
83209,Bannock,ID,16005,
83214,Bannock,ID,16005,
83234,Bannock,ID,16005,
83245,Bannock,ID,16005,
83246,Bannock,ID,16005,
83250,Bannock,ID,16005,
83281,Bannock,ID,16005,
83220,Bear Lake,ID,16007,
83223,Bear Lake,ID,16007,
83233,Bear Lake,ID,16007,
83238,Bear Lake,ID,16007,
83239,Bear Lake,ID,16007,
83254,Bear Lake,ID,16007,
83261,Bear Lake,ID,16007,
83272,Bear Lake,ID,16007,
83276,Bear Lake,ID,16007,
83287,Bear Lake,ID,16007,
83824,Benewah,ID,16009,
83830,Benewah,ID,16009,
83833,Benewah,ID,16009,
83851,Benewah,ID,16009,
83861,Benewah,ID,16009,
83866,Benewah,ID,16009,
83870,Benewah,ID,16009,
83876,Benewah,ID,16009,
83202,Bingham,ID,16011,
83203,Bingham,ID,16011,
83210,Bingham,ID,16011,
83211,Bingham,ID,16011,
83215,Bingham,ID,16011,
83218,Bingham,ID,16011,
83221,Bingham,ID,16011,
83236,Bingham,ID,16011,
83256,Bingham,ID,16011,
83262,Bingham,ID,16011,
83274,Bingham,ID,16011,
83277,Bingham,ID,16011,
83402,Bingham,ID,16011,
83313,Blaine,ID,16013,
83320,Blaine,ID,16013,
83333,Blaine,ID,16013,
83340,Blaine,ID,16013,
83348,Blaine,ID,16013,
83353,Blaine,ID,16013,
83354,Blaine,ID,16013,
83602,Boise,ID,16015,
83622,Boise,ID,16015,
83629,Boise,ID,16015,
83631,Boise,ID,16015,
83637,Boise,ID,16015,
83666,Boise,ID,16015,
83670,Boise,ID,16015,
83702,Boise,ID,16015,
83716,Boise,ID,16015,
83861,Boise,ID,16015,
83801,Bonner,ID,16017,
83803,Bonner,ID,16017,
83804,Bonner,ID,16017,
83809,Bonner,ID,16017,
83811,Bonner,ID,16017,
83813,Bonner,ID,16017,
83821,Bonner,ID,16017,
83822,Bonner,ID,16017,
83825,Bonner,ID,16017,
83836,Bonner,ID,16017,
83840,Bonner,ID,16017,
83841,Bonner,ID,16017,
83848,Bonner,ID,16017,
83852,Bonner,ID,16017,
83856,Bonner,ID,16017,
83860,Bonner,ID,16017,
83864,Bonner,ID,16017,
83865,Bonner,ID,16017,
83869,Bonner,ID,16017,
83274,Bonneville,ID,16019,
83285,Bonneville,ID,16019,
83401,Bonneville,ID,16019,
83402,Bonneville,ID,16019,
83403,Bonneville,ID,16019,
83404,Bonneville,ID,16019,
83405,Bonneville,ID,16019,
83406,Bonneville,ID,16019,
83427,Bonneville,ID,16019,
83428,Bonneville,ID,16019,
83442,Bonneville,ID,16019,
83443,Bonneville,ID,16019,
83449,Bonneville,ID,16019,
83454,Bonneville,ID,16019,
83805,Boundary,ID,16021,
83826,Boundary,ID,16021,
83845,Boundary,ID,16021,
83847,Boundary,ID,16021,
83853,Boundary,ID,16021,
83213,Butte,ID,16023,
83244,Butte,ID,16023,
83255,Butte,ID,16023,
83322,Camas,ID,16025,
83327,Camas,ID,16025,
83352,Camas,ID,16025,
83605,Canyon,ID,16027,
83606,Canyon,ID,16027,
83607,Canyon,ID,16027,
83626,Canyon,ID,16027,
83630,Canyon,ID,16027,
83634,Canyon,ID,16027,
83641,Canyon,ID,16027,
83644,Canyon,ID,16027,
83651,Canyon,ID,16027,
83653,Canyon,ID,16027,
83656,Canyon,ID,16027,
83660,Canyon,ID,16027,
83669,Canyon,ID,16027,
83676,Canyon,ID,16027,
83686,Canyon,ID,16027,
83687,Canyon,ID,16027,
83217,Caribou,ID,16029,
83241,Caribou,ID,16029,
83276,Caribou,ID,16029,
83285,Caribou,ID,16029,
83211,Cassia,ID,16031,
83311,Cassia,ID,16031,
83312,Cassia,ID,16031,
83318,Cassia,ID,16031,
83323,Cassia,ID,16031,
83342,Cassia,ID,16031,
83344,Cassia,ID,16031,
83346,Cassia,ID,16031,
83350,Cassia,ID,16031,
83423,Clark,ID,16033,
83435,Clark,ID,16033,
83446,Clark,ID,16033,
83520,Clearwater,ID,16035,
83537,Clearwater,ID,16035,
83541,Clearwater,ID,16035,
83544,Clearwater,ID,16035,
83546,Clearwater,ID,16035,
83553,Clearwater,ID,16035,
83827,Clearwater,ID,16035,
83226,Custer,ID,16037,
83227,Custer,ID,16037,
83235,Custer,ID,16037,
83251,Custer,ID,16037,
83253,Custer,ID,16037,
83255,Custer,ID,16037,
83278,Custer,ID,16037,
83623,Elmore,ID,16039,
83624,Elmore,ID,16039,
83627,Elmore,ID,16039,
83633,Elmore,ID,16039,
83647,Elmore,ID,16039,
83648,Elmore,ID,16039,
83716,Elmore,ID,16039,
83228,Franklin,ID,16041,
83232,Franklin,ID,16041,
83237,Franklin,ID,16041,
83241,Franklin,ID,16041,
83263,Franklin,ID,16041,
83283,Franklin,ID,16041,
83286,Franklin,ID,16041,
83420,Fremont,ID,16043,
83421,Fremont,ID,16043,
83425,Fremont,ID,16043,
83429,Fremont,ID,16043,
83433,Fremont,ID,16043,
83436,Fremont,ID,16043,
83438,Fremont,ID,16043,
83440,Fremont,ID,16043,
83445,Fremont,ID,16043,
83448,Fremont,ID,16043,
83451,Fremont,ID,16043,
83607,Gem,ID,16045,
83616,Gem,ID,16045,
83617,Gem,ID,16045,
83629,Gem,ID,16045,
83636,Gem,ID,16045,
83655,Gem,ID,16045,
83657,Gem,ID,16045,
83670,Gem,ID,16045,
83314,Gooding,ID,16047,
83316,Gooding,ID,16047,
83330,Gooding,ID,16047,
83332,Gooding,ID,16047,
83337,Gooding,ID,16047,
83338,Gooding,ID,16047,
83355,Gooding,ID,16047,
83522,Idaho,ID,16049,
83525,Idaho,ID,16049,
83526,Idaho,ID,16049,
83530,Idaho,ID,16049,
83533,Idaho,ID,16049,
83536,Idaho,ID,16049,
83539,Idaho,ID,16049,
83542,Idaho,ID,16049,
83547,Idaho,ID,16049,
83549,Idaho,ID,16049,
83552,Idaho,ID,16049,
83554,Idaho,ID,16049,
83654,Idaho,ID,16049,
83671,Idaho,ID,16049,
83401,Jefferson,ID,16051,
83402,Jefferson,ID,16051,
83425,Jefferson,ID,16051,
83431,Jefferson,ID,16051,
83434,Jefferson,ID,16051,
83435,Jefferson,ID,16051,
83442,Jefferson,ID,16051,
83443,Jefferson,ID,16051,
83444,Jefferson,ID,16051,
83450,Jefferson,ID,16051,
83301,Jerome,ID,16053,
83325,Jerome,ID,16053,
83335,Jerome,ID,16053,
83338,Jerome,ID,16053,
83347,Jerome,ID,16053,
83801,Kootenai,ID,16055,
83803,Kootenai,ID,16055,
83810,Kootenai,ID,16055,
83814,Kootenai,ID,16055,
83815,Kootenai,ID,16055,
83816,Kootenai,ID,16055,
83833,Kootenai,ID,16055,
83835,Kootenai,ID,16055,
83842,Kootenai,ID,16055,
83851,Kootenai,ID,16055,
83854,Kootenai,ID,16055,
83858,Kootenai,ID,16055,
83861,Kootenai,ID,16055,
83869,Kootenai,ID,16055,
83876,Kootenai,ID,16055,
83877,Kootenai,ID,16055,
83535,Latah,ID,16057,
83537,Latah,ID,16057,
83806,Latah,ID,16057,
83823,Latah,ID,16057,
83824,Latah,ID,16057,
83832,Latah,ID,16057,
83834,Latah,ID,16057,
83843,Latah,ID,16057,
83844,Latah,ID,16057,
83855,Latah,ID,16057,
83857,Latah,ID,16057,
83871,Latah,ID,16057,
83872,Latah,ID,16057,
83229,Lemhi,ID,16059,
83235,Lemhi,ID,16059,
83253,Lemhi,ID,16059,
83462,Lemhi,ID,16059,
83463,Lemhi,ID,16059,
83464,Lemhi,ID,16059,
83465,Lemhi,ID,16059,
83466,Lemhi,ID,16059,
83467,Lemhi,ID,16059,
83468,Lemhi,ID,16059,
83469,Lemhi,ID,16059,
83523,Lewis,ID,16061,
83524,Lewis,ID,16061,
83536,Lewis,ID,16061,
83543,Lewis,ID,16061,
83545,Lewis,ID,16061,
83548,Lewis,ID,16061,
83555,Lewis,ID,16061,
83324,Lincoln,ID,16063,
83327,Lincoln,ID,16063,
83330,Lincoln,ID,16063,
83347,Lincoln,ID,16063,
83349,Lincoln,ID,16063,
83352,Lincoln,ID,16063,
83422,Madison,ID,16065,
83434,Madison,ID,16065,
83436,Madison,ID,16065,
83440,Madison,ID,16065,
83441,Madison,ID,16065,
83445,Madison,ID,16065,
83448,Madison,ID,16065,
83451,Madison,ID,16065,
83452,Madison,ID,16065,
83460,Madison,ID,16065,
83318,Minidoka,ID,16067,
83336,Minidoka,ID,16067,
83343,Minidoka,ID,16067,
83347,Minidoka,ID,16067,
83350,Minidoka,ID,16067,
83501,Nez Perce,ID,16069,
83524,Nez Perce,ID,16069,
83535,Nez Perce,ID,16069,
83537,Nez Perce,ID,16069,
83540,Nez Perce,ID,16069,
83541,Nez Perce,ID,16069,
83545,Nez Perce,ID,16069,
83548,Nez Perce,ID,16069,
83555,Nez Perce,ID,16069,
83832,Nez Perce,ID,16069,
83243,Oneida,ID,16071,
83252,Oneida,ID,16071,
83302,Owyhee,ID,16073,
83604,Owyhee,ID,16073,
83624,Owyhee,ID,16073,
83627,Owyhee,ID,16073,
83628,Owyhee,ID,16073,
83639,Owyhee,ID,16073,
83641,Owyhee,ID,16073,
83650,Owyhee,ID,16073,
83607,Payette,ID,16075,
83619,Payette,ID,16075,
83655,Payette,ID,16075,
83660,Payette,ID,16075,
83661,Payette,ID,16075,
83204,Power,ID,16077,
83211,Power,ID,16077,
83212,Power,ID,16077,
83271,Power,ID,16077,
83802,Shoshone,ID,16079,
83808,Shoshone,ID,16079,
83810,Shoshone,ID,16079,
83812,Shoshone,ID,16079,
83830,Shoshone,ID,16079,
83837,Shoshone,ID,16079,
83839,Shoshone,ID,16079,
83846,Shoshone,ID,16079,
83849,Shoshone,ID,16079,
83850,Shoshone,ID,16079,
83861,Shoshone,ID,16079,
83867,Shoshone,ID,16079,
83868,Shoshone,ID,16079,
83873,Shoshone,ID,16079,
83874,Shoshone,ID,16079,
83422,Teton,ID,16081,
83424,Teton,ID,16081,
83436,Teton,ID,16081,
83452,Teton,ID,16081,
83455,Teton,ID,16081,
83301,Twin Falls,ID,16083,
83302,Twin Falls,ID,16083,
83303,Twin Falls,ID,16083,
83316,Twin Falls,ID,16083,
83321,Twin Falls,ID,16083,
83328,Twin Falls,ID,16083,
83332,Twin Falls,ID,16083,
83334,Twin Falls,ID,16083,
83341,Twin Falls,ID,16083,
83344,Twin Falls,ID,16083,
83611,Valley,ID,16085,
83615,Valley,ID,16085,
83629,Valley,ID,16085,
83635,Valley,ID,16085,
83638,Valley,ID,16085,
83677,Valley,ID,16085,
83610,Washington,ID,16087,
83632,Washington,ID,16087,
83645,Washington,ID,16087,
83661,Washington,ID,16087,
83672,Washington,ID,16087,
61727,De Witt,IL,17039,
61735,De Witt,IL,17039,
61745,De Witt,IL,17039,
61749,De Witt,IL,17039,
61750,De Witt,IL,17039,
61752,De Witt,IL,17039,
61754,De Witt,IL,17039,
61756,De Witt,IL,17039,
61777,De Witt,IL,17039,
61778,De Witt,IL,17039,
61839,De Witt,IL,17039,
61842,De Witt,IL,17039,
61854,De Witt,IL,17039,
61882,De Witt,IL,17039,
60007,DuPage,IL,17043,
60101,DuPage,IL,17043,
60103,DuPage,IL,17043,
60106,DuPage,IL,17043,
60107,DuPage,IL,17043,
60108,DuPage,IL,17043,
60117,DuPage,IL,17043,
60120,DuPage,IL,17043,
60122,DuPage,IL,17043,
60126,DuPage,IL,17043,
60133,DuPage,IL,17043,
60137,DuPage,IL,17043,
60138,DuPage,IL,17043,
60139,DuPage,IL,17043,
60143,DuPage,IL,17043,
60148,DuPage,IL,17043,
60157,DuPage,IL,17043,
60172,DuPage,IL,17043,
60174,DuPage,IL,17043,
60181,DuPage,IL,17043,
60184,DuPage,IL,17043,
60185,DuPage,IL,17043,
60186,DuPage,IL,17043,
60187,DuPage,IL,17043,
60188,DuPage,IL,17043,
60189,DuPage,IL,17043,
60190,DuPage,IL,17043,
60191,DuPage,IL,17043,
60193,DuPage,IL,17043,
60199,DuPage,IL,17043,
60439,DuPage,IL,17043,
60440,DuPage,IL,17043,
60502,DuPage,IL,17043,
60504,DuPage,IL,17043,
60514,DuPage,IL,17043,
60515,DuPage,IL,17043,
60516,DuPage,IL,17043,
60517,DuPage,IL,17043,
60519,DuPage,IL,17043,
60521,DuPage,IL,17043,
60522,DuPage,IL,17043,
60523,DuPage,IL,17043,
60527,DuPage,IL,17043,
60532,DuPage,IL,17043,
60540,DuPage,IL,17043,
60555,DuPage,IL,17043,
60559,DuPage,IL,17043,
60561,DuPage,IL,17043,
60563,DuPage,IL,17043,
60564,DuPage,IL,17043,
60565,DuPage,IL,17043,
60566,DuPage,IL,17043,
60567,DuPage,IL,17043,
60569,DuPage,IL,17043,
60598,DuPage,IL,17043,
60599,DuPage,IL,17043,
60932,Vermilion,IL,17183,
60942,Vermilion,IL,17183,
60960,Vermilion,IL,17183,
60963,Vermilion,IL,17183,
61810,Vermilion,IL,17183,
61811,Vermilion,IL,17183,
61812,Vermilion,IL,17183,
61814,Vermilion,IL,17183,
61817,Vermilion,IL,17183,
61831,Vermilion,IL,17183,
61832,Vermilion,IL,17183,
61833,Vermilion,IL,17183,
61834,Vermilion,IL,17183,
61841,Vermilion,IL,17183,
61844,Vermilion,IL,17183,
61846,Vermilion,IL,17183,
61848,Vermilion,IL,17183,
61849,Vermilion,IL,17183,
61850,Vermilion,IL,17183,
61857,Vermilion,IL,17183,
61858,Vermilion,IL,17183,
61859,Vermilion,IL,17183,
61862,Vermilion,IL,17183,
61865,Vermilion,IL,17183,
61870,Vermilion,IL,17183,
61876,Vermilion,IL,17183,
61883,Vermilion,IL,17183,
47501,Daviess,IN,18027,
47519,Daviess,IN,18027,
47529,Daviess,IN,18027,
47553,Daviess,IN,18027,
47558,Daviess,IN,18027,
47562,Daviess,IN,18027,
47568,Daviess,IN,18027,
46001,Delaware,IN,18035,
46012,Delaware,IN,18035,
46017,Delaware,IN,18035,
46070,Delaware,IN,18035,
47302,Delaware,IN,18035,
47303,Delaware,IN,18035,
47304,Delaware,IN,18035,
47305,Delaware,IN,18035,
47306,Delaware,IN,18035,
47307,Delaware,IN,18035,
47308,Delaware,IN,18035,
47320,Delaware,IN,18035,
47334,Delaware,IN,18035,
47336,Delaware,IN,18035,
47338,Delaware,IN,18035,
47342,Delaware,IN,18035,
47354,Delaware,IN,18035,
47356,Delaware,IN,18035,
47367,Delaware,IN,18035,
47368,Delaware,IN,18035,
47383,Delaware,IN,18035,
47386,Delaware,IN,18035,
47396,Delaware,IN,18035,
47432,Dubois,IN,18037,
47513,Dubois,IN,18037,
47521,Dubois,IN,18037,
47523,Dubois,IN,18037,
47527,Dubois,IN,18037,
47532,Dubois,IN,18037,
47541,Dubois,IN,18037,
47542,Dubois,IN,18037,
47545,Dubois,IN,18037,
47546,Dubois,IN,18037,
47547,Dubois,IN,18037,
47564,Dubois,IN,18037,
47575,Dubois,IN,18037,
47580,Dubois,IN,18037,
47590,Dubois,IN,18037,
46502,Kosciusko,IN,18085,
46504,Kosciusko,IN,18085,
46506,Kosciusko,IN,18085,
46508,Kosciusko,IN,18085,
46510,Kosciusko,IN,18085,
46524,Kosciusko,IN,18085,
46538,Kosciusko,IN,18085,
46539,Kosciusko,IN,18085,
46542,Kosciusko,IN,18085,
46550,Kosciusko,IN,18085,
46555,Kosciusko,IN,18085,
46562,Kosciusko,IN,18085,
46567,Kosciusko,IN,18085,
46580,Kosciusko,IN,18085,
46581,Kosciusko,IN,18085,
46582,Kosciusko,IN,18085,
46590,Kosciusko,IN,18085,
46732,Kosciusko,IN,18085,
46767,Kosciusko,IN,18085,
46787,Kosciusko,IN,18085,
46910,Kosciusko,IN,18085,
46962,Kosciusko,IN,18085,
46982,Kosciusko,IN,18085,
46077,Marion,IN,18097,
46107,Marion,IN,18097,
46113,Marion,IN,18097,
46163,Marion,IN,18097,
46183,Marion,IN,18097,
46201,Marion,IN,18097,
46202,Marion,IN,18097,
46203,Marion,IN,18097,
46204,Marion,IN,18097,
46205,Marion,IN,18097,
46206,Marion,IN,18097,
46208,Marion,IN,18097,
46213,Marion,IN,18097,
46214,Marion,IN,18097,
46216,Marion,IN,18097,
46217,Marion,IN,18097,
46218,Marion,IN,18097,
46219,Marion,IN,18097,
46220,Marion,IN,18097,
46221,Marion,IN,18097,
46222,Marion,IN,18097,
46224,Marion,IN,18097,
46225,Marion,IN,18097,
46226,Marion,IN,18097,
46227,Marion,IN,18097,
46228,Marion,IN,18097,
46229,Marion,IN,18097,
46230,Marion,IN,18097,
46231,Marion,IN,18097,
46234,Marion,IN,18097,
46235,Marion,IN,18097,
46236,Marion,IN,18097,
46237,Marion,IN,18097,
46239,Marion,IN,18097,
46240,Marion,IN,18097,
46241,Marion,IN,18097,
46242,Marion,IN,18097,
46244,Marion,IN,18097,
46247,Marion,IN,18097,
46249,Marion,IN,18097,
46250,Marion,IN,18097,
46251,Marion,IN,18097,
46253,Marion,IN,18097,
46254,Marion,IN,18097,
46256,Marion,IN,18097,
46259,Marion,IN,18097,
46260,Marion,IN,18097,
46268,Marion,IN,18097,
46278,Marion,IN,18097,
46280,Marion,IN,18097,
46282,Marion,IN,18097,
46283,Marion,IN,18097,
46285,Marion,IN,18097,
46290,Marion,IN,18097,
46298,Marion,IN,18097,
67024,Chautauqua,KS,20019,
67334,Chautauqua,KS,20019,
67344,Chautauqua,KS,20019,
67346,Chautauqua,KS,20019,
67347,Chautauqua,KS,20019,
67349,Chautauqua,KS,20019,
67352,Chautauqua,KS,20019,
67353,Chautauqua,KS,20019,
67355,Chautauqua,KS,20019,
67360,Chautauqua,KS,20019,
67361,Chautauqua,KS,20019,
70510,Vermilion,LA,22113,
70526,Vermilion,LA,22113,
70528,Vermilion,LA,22113,
70533,Vermilion,LA,22113,
70542,Vermilion,LA,22113,
70548,Vermilion,LA,22113,
70555,Vermilion,LA,22113,
70560,Vermilion,LA,22113,
70575,Vermilion,LA,22113,
70578,Vermilion,LA,22113,
70592,Vermilion,LA,22113,
05501,Essex County,MA,25009,
56208,Lac qui Parle,MN,27073,
56212,Lac qui Parle,MN,27073,
56218,Lac qui Parle,MN,27073,
56220,Lac qui Parle,MN,27073,
56232,Lac qui Parle,MN,27073,
56256,Lac qui Parle,MN,27073,
56257,Lac qui Parle,MN,27073,
56265,Lac qui Parle,MN,27073,
56276,Lac qui Parle,MN,27073,
56278,Lac qui Parle,MN,27073,
58009,Traill,ND,38097,
58016,Traill,ND,38097,
58035,Traill,ND,38097,
58038,Traill,ND,38097,
58045,Traill,ND,38097,
58048,Traill,ND,38097,
58218,Traill,ND,38097,
58219,Traill,ND,38097,
58223,Traill,ND,38097,
58240,Traill,ND,38097,
58257,Traill,ND,38097,
58274,Traill,ND,38097,
58275,Traill,ND,38097,
68883,Adams,NE,31001,
68901,Adams,NE,31001,
68902,Adams,NE,31001,
68925,Adams,NE,31001,
68928,Adams,NE,31001,
68930,Adams,NE,31001,
68932,Adams,NE,31001,
68941,Adams,NE,31001,
68945,Adams,NE,31001,
68950,Adams,NE,31001,
68955,Adams,NE,31001,
68956,Adams,NE,31001,
68957,Adams,NE,31001,
68973,Adams,NE,31001,
68980,Adams,NE,31001,
68636,Antelope,NE,31003,
68652,Antelope,NE,31003,
68720,Antelope,NE,31003,
68726,Antelope,NE,31003,
68729,Antelope,NE,31003,
68735,Antelope,NE,31003,
68756,Antelope,NE,31003,
68761,Antelope,NE,31003,
68764,Antelope,NE,31003,
68769,Antelope,NE,31003,
68773,Antelope,NE,31003,
68781,Antelope,NE,31003,
69121,Arthur,NE,31005,
69144,Arthur,NE,31005,
69146,Arthur,NE,31005,
69147,Arthur,NE,31005,
69165,Arthur,NE,31005,
69350,Arthur,NE,31005,
69366,Arthur,NE,31005,
69145,Banner,NE,31007,
69345,Banner,NE,31007,
68821,Blaine,NE,31009,
68833,Blaine,NE,31009,
69157,Blaine,NE,31009,
69163,Blaine,NE,31009,
68620,Boone,NE,31011,
68627,Boone,NE,31011,
68636,Boone,NE,31011,
68652,Boone,NE,31011,
68655,Boone,NE,31011,
68660,Boone,NE,31011,
68758,Boone,NE,31011,
68781,Boone,NE,31011,
69301,Box Butte,NE,31013,
69348,Box Butte,NE,31013,
69354,Box Butte,NE,31013,
68719,Boyd,NE,31015,
68722,Boyd,NE,31015,
68746,Boyd,NE,31015,
68755,Boyd,NE,31015,
68777,Boyd,NE,31015,
68778,Brown,NE,31017,
69135,Brown,NE,31017,
69210,Brown,NE,31017,
69214,Brown,NE,31017,
69217,Brown,NE,31017,
68812,Buffalo,NE,31019,
68836,Buffalo,NE,31019,
68840,Buffalo,NE,31019,
68844,Buffalo,NE,31019,
68845,Buffalo,NE,31019,
68847,Buffalo,NE,31019,
68848,Buffalo,NE,31019,
68849,Buffalo,NE,31019,
68855,Buffalo,NE,31019,
68858,Buffalo,NE,31019,
68861,Buffalo,NE,31019,
68866,Buffalo,NE,31019,
68869,Buffalo,NE,31019,
68870,Buffalo,NE,31019,
68876,Buffalo,NE,31019,
68947,Buffalo,NE,31019,
68956,Buffalo,NE,31019,
68004,Burt,NE,31021,
68019,Burt,NE,31021,
68020,Burt,NE,31021,
68029,Burt,NE,31021,
68031,Burt,NE,31021,
68038,Burt,NE,31021,
68045,Burt,NE,31021,
68061,Burt,NE,31021,
68001,Butler,NE,31023,
68014,Butler,NE,31023,
68036,Butler,NE,31023,
68314,Butler,NE,31023,
68601,Butler,NE,31023,
68624,Butler,NE,31023,
68626,Butler,NE,31023,
68632,Butler,NE,31023,
68635,Butler,NE,31023,
68658,Butler,NE,31023,
68662,Butler,NE,31023,
68667,Butler,NE,31023,
68669,Butler,NE,31023,
68003,Cass,NE,31025,
68016,Cass,NE,31025,
68037,Cass,NE,31025,
68048,Cass,NE,31025,
68058,Cass,NE,31025,
68304,Cass,NE,31025,
68307,Cass,NE,31025,
68347,Cass,NE,31025,
68349,Cass,NE,31025,
68366,Cass,NE,31025,
68403,Cass,NE,31025,
68407,Cass,NE,31025,
68409,Cass,NE,31025,
68413,Cass,NE,31025,
68418,Cass,NE,31025,
68454,Cass,NE,31025,
68455,Cass,NE,31025,
68462,Cass,NE,31025,
68463,Cass,NE,31025,
68717,Cedar,NE,31027,
68718,Cedar,NE,31027,
68727,Cedar,NE,31027,
68730,Cedar,NE,31027,
68736,Cedar,NE,31027,
68739,Cedar,NE,31027,
68745,Cedar,NE,31027,
68749,Cedar,NE,31027,
68757,Cedar,NE,31027,
68771,Cedar,NE,31027,
68774,Cedar,NE,31027,
68786,Cedar,NE,31027,
68792,Cedar,NE,31027,
69023,Chase,NE,31029,
69027,Chase,NE,31029,
69030,Chase,NE,31029,
69033,Chase,NE,31029,
69045,Chase,NE,31029,
69134,Chase,NE,31029,
69168,Chase,NE,31029,
69161,Cherry,NE,31031,
69166,Cherry,NE,31031,
69201,Cherry,NE,31031,
69211,Cherry,NE,31031,
69212,Cherry,NE,31031,
69216,Cherry,NE,31031,
69218,Cherry,NE,31031,
69219,Cherry,NE,31031,
69220,Cherry,NE,31031,
69221,Cherry,NE,31031,
69333,Cherry,NE,31031,
69343,Cherry,NE,31031,
69350,Cherry,NE,31031,
69366,Cherry,NE,31031,
69131,Cheyenne,NE,31033,
69141,Cheyenne,NE,31033,
69149,Cheyenne,NE,31033,
69156,Cheyenne,NE,31033,
69162,Cheyenne,NE,31033,
68436,Clay,NE,31035,
68452,Clay,NE,31035,
68818,Clay,NE,31035,
68901,Clay,NE,31035,
68930,Clay,NE,31035,
68933,Clay,NE,31035,
68934,Clay,NE,31035,
68935,Clay,NE,31035,
68938,Clay,NE,31035,
68941,Clay,NE,31035,
68944,Clay,NE,31035,
68954,Clay,NE,31035,
68975,Clay,NE,31035,
68979,Clay,NE,31035,
68980,Clay,NE,31035,
68601,Colfax,NE,31037,
68629,Colfax,NE,31037,
68633,Colfax,NE,31037,
68641,Colfax,NE,31037,
68643,Colfax,NE,31037,
68659,Colfax,NE,31037,
68661,Colfax,NE,31037,
68004,Cuming,NE,31039,
68038,Cuming,NE,31039,
68045,Cuming,NE,31039,
68047,Cuming,NE,31039,
68633,Cuming,NE,31039,
68641,Cuming,NE,31039,
68716,Cuming,NE,31039,
68768,Cuming,NE,31039,
68788,Cuming,NE,31039,
68791,Cuming,NE,31039,
68813,Custer,NE,31041,
68814,Custer,NE,31041,
68815,Custer,NE,31041,
68822,Custer,NE,31041,
68823,Custer,NE,31041,
68825,Custer,NE,31041,
68828,Custer,NE,31041,
68834,Custer,NE,31041,
68852,Custer,NE,31041,
68855,Custer,NE,31041,
68856,Custer,NE,31041,
68860,Custer,NE,31041,
68866,Custer,NE,31041,
68874,Custer,NE,31041,
68878,Custer,NE,31041,
68881,Custer,NE,31041,
69120,Custer,NE,31041,
69138,Custer,NE,31041,
68030,Dakota,NE,31043,
68731,Dakota,NE,31043,
68733,Dakota,NE,31043,
68741,Dakota,NE,31043,
68743,Dakota,NE,31043,
68770,Dakota,NE,31043,
68776,Dakota,NE,31043,
68785,Dakota,NE,31043,
69337,Dawes,NE,31045,
69339,Dawes,NE,31045,
69347,Dawes,NE,31045,
69348,Dawes,NE,31045,
69354,Dawes,NE,31045,
69367,Dawes,NE,31045,
68834,Dawson,NE,31047,
68836,Dawson,NE,31047,
68850,Dawson,NE,31047,
68858,Dawson,NE,31047,
68863,Dawson,NE,31047,
68878,Dawson,NE,31047,
68937,Dawson,NE,31047,
69028,Dawson,NE,31047,
69029,Dawson,NE,31047,
69130,Dawson,NE,31047,
69138,Dawson,NE,31047,
69171,Dawson,NE,31047,
69122,Deuel,NE,31049,
69129,Deuel,NE,31049,
68710,Dixon,NE,31051,
68728,Dixon,NE,31051,
68732,Dixon,NE,31051,
68733,Dixon,NE,31051,
68739,Dixon,NE,31051,
68745,Dixon,NE,31051,
68751,Dixon,NE,31051,
68757,Dixon,NE,31051,
68770,Dixon,NE,31051,
68784,Dixon,NE,31051,
68785,Dixon,NE,31051,
68787,Dixon,NE,31051,
68025,Dodge,NE,31053,
68026,Dodge,NE,31053,
68031,Dodge,NE,31053,
68044,Dodge,NE,31053,
68057,Dodge,NE,31053,
68063,Dodge,NE,31053,
68072,Dodge,NE,31053,
68621,Dodge,NE,31053,
68633,Dodge,NE,31053,
68649,Dodge,NE,31053,
68664,Dodge,NE,31053,
68007,Douglas,NE,31055,
68010,Douglas,NE,31055,
68022,Douglas,NE,31055,
68028,Douglas,NE,31055,
68064,Douglas,NE,31055,
68069,Douglas,NE,31055,
68102,Douglas,NE,31055,
68103,Douglas,NE,31055,
68104,Douglas,NE,31055,
68105,Douglas,NE,31055,
68106,Douglas,NE,31055,
68107,Douglas,NE,31055,
68108,Douglas,NE,31055,
68109,Douglas,NE,31055,
68110,Douglas,NE,31055,
68111,Douglas,NE,31055,
68112,Douglas,NE,31055,
68114,Douglas,NE,31055,
68116,Douglas,NE,31055,
68117,Douglas,NE,31055,
68118,Douglas,NE,31055,
68122,Douglas,NE,31055,
68124,Douglas,NE,31055,
68127,Douglas,NE,31055,
68128,Douglas,NE,31055,
68130,Douglas,NE,31055,
68131,Douglas,NE,31055,
68132,Douglas,NE,31055,
68134,Douglas,NE,31055,
68135,Douglas,NE,31055,
68136,Douglas,NE,31055,
68137,Douglas,NE,31055,
68138,Douglas,NE,31055,
68139,Douglas,NE,31055,
68142,Douglas,NE,31055,
68144,Douglas,NE,31055,
68145,Douglas,NE,31055,
68147,Douglas,NE,31055,
68152,Douglas,NE,31055,
68154,Douglas,NE,31055,
68157,Douglas,NE,31055,
68164,Douglas,NE,31055,
68175,Douglas,NE,31055,
68178,Douglas,NE,31055,
68179,Douglas,NE,31055,
68180,Douglas,NE,31055,
68182,Douglas,NE,31055,
68183,Douglas,NE,31055,
68197,Douglas,NE,31055,
68198,Douglas,NE,31055,
69021,Dundy,NE,31057,
69030,Dundy,NE,31057,
69037,Dundy,NE,31057,
69041,Dundy,NE,31057,
69045,Dundy,NE,31057,
68322,Fillmore,NE,31059,
68326,Fillmore,NE,31059,
68335,Fillmore,NE,31059,
68351,Fillmore,NE,31059,
68354,Fillmore,NE,31059,
68359,Fillmore,NE,31059,
68361,Fillmore,NE,31059,
68365,Fillmore,NE,31059,
68406,Fillmore,NE,31059,
68416,Fillmore,NE,31059,
68436,Fillmore,NE,31059,
68444,Fillmore,NE,31059,
68452,Fillmore,NE,31059,
68979,Fillmore,NE,31059,
68929,Franklin,NE,31061,
68932,Franklin,NE,31061,
68939,Franklin,NE,31061,
68947,Franklin,NE,31061,
68952,Franklin,NE,31061,
68960,Franklin,NE,31061,
68972,Franklin,NE,31061,
68981,Franklin,NE,31061,
68948,Frontier,NE,31063,
69001,Frontier,NE,31063,
69022,Frontier,NE,31063,
69025,Frontier,NE,31063,
69028,Frontier,NE,31063,
69029,Frontier,NE,31063,
69034,Frontier,NE,31063,
69038,Frontier,NE,31063,
69039,Frontier,NE,31063,
69042,Frontier,NE,31063,
68922,Furnas,NE,31065,
68926,Furnas,NE,31065,
68936,Furnas,NE,31065,
68946,Furnas,NE,31065,
68948,Furnas,NE,31065,
68967,Furnas,NE,31065,
68977,Furnas,NE,31065,
69022,Furnas,NE,31065,
69046,Furnas,NE,31065,
68301,Gage,NE,31067,
68309,Gage,NE,31067,
68310,Gage,NE,31067,
68318,Gage,NE,31067,
68323,Gage,NE,31067,
68328,Gage,NE,31067,
68331,Gage,NE,31067,
68332,Gage,NE,31067,
68341,Gage,NE,31067,
68342,Gage,NE,31067,
68357,Gage,NE,31067,
68358,Gage,NE,31067,
68368,Gage,NE,31067,
68381,Gage,NE,31067,
68415,Gage,NE,31067,
68422,Gage,NE,31067,
68424,Gage,NE,31067,
68458,Gage,NE,31067,
68465,Gage,NE,31067,
68466,Gage,NE,31067,
69122,Garden,NE,31069,
69129,Garden,NE,31069,
69147,Garden,NE,31069,
69148,Garden,NE,31069,
69149,Garden,NE,31069,
69154,Garden,NE,31069,
69190,Garden,NE,31069,
69333,Garden,NE,31069,
69335,Garden,NE,31069,
69340,Garden,NE,31069,
69351,Garden,NE,31069,
68637,Garfield,NE,31071,
68823,Garfield,NE,31071,
68862,Garfield,NE,31071,
68850,Gosper,NE,31073,
68922,Gosper,NE,31073,
68927,Gosper,NE,31073,
68936,Gosper,NE,31073,
68937,Gosper,NE,31073,
68948,Gosper,NE,31073,
68967,Gosper,NE,31073,
68976,Gosper,NE,31073,
69022,Gosper,NE,31073,
69028,Gosper,NE,31073,
69333,Grant,NE,31075,
69350,Grant,NE,31075,
69366,Grant,NE,31075,
68665,Greeley,NE,31077,
68835,Greeley,NE,31077,
68842,Greeley,NE,31077,
68875,Greeley,NE,31077,
68882,Greeley,NE,31077,
68801,Hall,NE,31079,
68802,Hall,NE,31079,
68803,Hall,NE,31079,
68810,Hall,NE,31079,
68824,Hall,NE,31079,
68832,Hall,NE,31079,
68865,Hall,NE,31079,
68869,Hall,NE,31079,
68872,Hall,NE,31079,
68876,Hall,NE,31079,
68883,Hall,NE,31079,
68956,Hall,NE,31079,
68980,Hall,NE,31079,
68319,Hamilton,NE,31081,
68371,Hamilton,NE,31081,
68628,Hamilton,NE,31081,
68654,Hamilton,NE,31081,
68818,Hamilton,NE,31081,
68832,Hamilton,NE,31081,
68841,Hamilton,NE,31081,
68843,Hamilton,NE,31081,
68846,Hamilton,NE,31081,
68854,Hamilton,NE,31081,
68865,Hamilton,NE,31081,
68944,Hamilton,NE,31081,
68979,Hamilton,NE,31081,
68980,Hamilton,NE,31081,
68920,Harlan,NE,31083,
68949,Harlan,NE,31083,
68960,Harlan,NE,31083,
68966,Harlan,NE,31083,
68967,Harlan,NE,31083,
68969,Harlan,NE,31083,
68971,Harlan,NE,31083,
68977,Harlan,NE,31083,
68982,Harlan,NE,31083,
69024,Hayes,NE,31085,
69032,Hayes,NE,31085,
69040,Hayes,NE,31085,
69045,Hayes,NE,31085,
69134,Hayes,NE,31085,
69169,Hayes,NE,31085,
69001,Hitchcock,NE,31087,
69024,Hitchcock,NE,31087,
69038,Hitchcock,NE,31087,
69040,Hitchcock,NE,31087,
69043,Hitchcock,NE,31087,
69044,Hitchcock,NE,31087,
69045,Hitchcock,NE,31087,
68711,Holt,NE,31089,
68713,Holt,NE,31089,
68725,Holt,NE,31089,
68726,Holt,NE,31089,
68734,Holt,NE,31089,
68735,Holt,NE,31089,
68742,Holt,NE,31089,
68746,Holt,NE,31089,
68763,Holt,NE,31089,
68764,Holt,NE,31089,
68766,Holt,NE,31089,
68780,Holt,NE,31089,
69152,Hooker,NE,31091,
69167,Hooker,NE,31091,
68803,Howard,NE,31093,
68816,Howard,NE,31093,
68817,Howard,NE,31093,
68820,Howard,NE,31093,
68824,Howard,NE,31093,
68831,Howard,NE,31093,
68835,Howard,NE,31093,
68838,Howard,NE,31093,
68864,Howard,NE,31093,
68872,Howard,NE,31093,
68873,Howard,NE,31093,
68875,Howard,NE,31093,
68882,Howard,NE,31093,
68303,Jefferson,NE,31095,
68310,Jefferson,NE,31095,
68338,Jefferson,NE,31095,
68341,Jefferson,NE,31095,
68342,Jefferson,NE,31095,
68350,Jefferson,NE,31095,
68352,Jefferson,NE,31095,
68370,Jefferson,NE,31095,
68377,Jefferson,NE,31095,
68424,Jefferson,NE,31095,
68429,Jefferson,NE,31095,
68440,Jefferson,NE,31095,
68453,Jefferson,NE,31095,
68464,Jefferson,NE,31095,
68301,Johnson,NE,31097,
68324,Johnson,NE,31097,
68329,Johnson,NE,31097,
68332,Johnson,NE,31097,
68348,Johnson,NE,31097,
68378,Johnson,NE,31097,
68443,Johnson,NE,31097,
68447,Johnson,NE,31097,
68448,Johnson,NE,31097,
68450,Johnson,NE,31097,
68840,Kearney,NE,31099,
68845,Kearney,NE,31099,
68847,Kearney,NE,31099,
68924,Kearney,NE,31099,
68932,Kearney,NE,31099,
68939,Kearney,NE,31099,
68945,Kearney,NE,31099,
68947,Kearney,NE,31099,
68952,Kearney,NE,31099,
68956,Kearney,NE,31099,
68959,Kearney,NE,31099,
68972,Kearney,NE,31099,
68981,Kearney,NE,31099,
68982,Kearney,NE,31099,
69121,Keith,NE,31101,
69122,Keith,NE,31101,
69127,Keith,NE,31101,
69144,Keith,NE,31101,
69146,Keith,NE,31101,
69147,Keith,NE,31101,
69153,Keith,NE,31101,
69155,Keith,NE,31101,
68753,Keya Paha,NE,31103,
68778,Keya Paha,NE,31103,
69128,Kimball,NE,31105,
69133,Kimball,NE,31105,
69145,Kimball,NE,31105,
68718,Knox,NE,31107,
68724,Knox,NE,31107,
68729,Knox,NE,31107,
68730,Knox,NE,31107,
68760,Knox,NE,31107,
68764,Knox,NE,31107,
68769,Knox,NE,31107,
68773,Knox,NE,31107,
68783,Knox,NE,31107,
68786,Knox,NE,31107,
68789,Knox,NE,31107,
68003,Lancaster,NE,31109,
68017,Lancaster,NE,31109,
68065,Lancaster,NE,31109,
68301,Lancaster,NE,31109,
68317,Lancaster,NE,31109,
68331,Lancaster,NE,31109,
68333,Lancaster,NE,31109,
68336,Lancaster,NE,31109,
68339,Lancaster,NE,31109,
68358,Lancaster,NE,31109,
68360,Lancaster,NE,31109,
68366,Lancaster,NE,31109,
68368,Lancaster,NE,31109,
68372,Lancaster,NE,31109,
68402,Lancaster,NE,31109,
68404,Lancaster,NE,31109,
68419,Lancaster,NE,31109,
68423,Lancaster,NE,31109,
68428,Lancaster,NE,31109,
68430,Lancaster,NE,31109,
68438,Lancaster,NE,31109,
68461,Lancaster,NE,31109,
68462,Lancaster,NE,31109,
68465,Lancaster,NE,31109,
68501,Lancaster,NE,31109,
68502,Lancaster,NE,31109,
68503,Lancaster,NE,31109,
68504,Lancaster,NE,31109,
68505,Lancaster,NE,31109,
68506,Lancaster,NE,31109,
68507,Lancaster,NE,31109,
68508,Lancaster,NE,31109,
68510,Lancaster,NE,31109,
68512,Lancaster,NE,31109,
68514,Lancaster,NE,31109,
68516,Lancaster,NE,31109,
68517,Lancaster,NE,31109,
68520,Lancaster,NE,31109,
68521,Lancaster,NE,31109,
68522,Lancaster,NE,31109,
68523,Lancaster,NE,31109,
68524,Lancaster,NE,31109,
68526,Lancaster,NE,31109,
68527,Lancaster,NE,31109,
68528,Lancaster,NE,31109,
68529,Lancaster,NE,31109,
68531,Lancaster,NE,31109,
68532,Lancaster,NE,31109,
68542,Lancaster,NE,31109,
68588,Lancaster,NE,31109,
69025,Lincoln,NE,31111,
69029,Lincoln,NE,31111,
69038,Lincoln,NE,31111,
69039,Lincoln,NE,31111,
69101,Lincoln,NE,31111,
69103,Lincoln,NE,31111,
69120,Lincoln,NE,31111,
69123,Lincoln,NE,31111,
69132,Lincoln,NE,31111,
69138,Lincoln,NE,31111,
69143,Lincoln,NE,31111,
69151,Lincoln,NE,31111,
69163,Lincoln,NE,31111,
69165,Lincoln,NE,31111,
69169,Lincoln,NE,31111,
69170,Lincoln,NE,31111,
69120,Logan,NE,31113,
69163,Logan,NE,31113,
68813,Loup,NE,31115,
68823,Loup,NE,31115,
68874,Loup,NE,31115,
68879,Loup,NE,31115,
68642,Madison,NE,31119,
68644,Madison,NE,31119,
68701,Madison,NE,31119,
68702,Madison,NE,31119,
68715,Madison,NE,31119,
68748,Madison,NE,31119,
68752,Madison,NE,31119,
68758,Madison,NE,31119,
68781,Madison,NE,31119,
69101,McPherson,NE,31117,
69155,McPherson,NE,31117,
69165,McPherson,NE,31117,
69167,McPherson,NE,31117,
68628,Merrick,NE,31121,
68638,Merrick,NE,31121,
68640,Merrick,NE,31121,
68663,Merrick,NE,31121,
68801,Merrick,NE,31121,
68816,Merrick,NE,31121,
68826,Merrick,NE,31121,
68827,Merrick,NE,31121,
68864,Merrick,NE,31121,
68872,Merrick,NE,31121,
69125,Morrill,NE,31123,
69131,Morrill,NE,31123,
69148,Morrill,NE,31123,
69301,Morrill,NE,31123,
69331,Morrill,NE,31123,
69334,Morrill,NE,31123,
69336,Morrill,NE,31123,
69353,Morrill,NE,31123,
68623,Nance,NE,31125,
68627,Nance,NE,31125,
68638,Nance,NE,31125,
68640,Nance,NE,31125,
68660,Nance,NE,31125,
68663,Nance,NE,31125,
68864,Nance,NE,31125,
68882,Nance,NE,31125,
68305,Nemaha,NE,31127,
68320,Nemaha,NE,31127,
68321,Nemaha,NE,31127,
68348,Nemaha,NE,31127,
68376,Nemaha,NE,31127,
68378,Nemaha,NE,31127,
68379,Nemaha,NE,31127,
68414,Nemaha,NE,31127,
68421,Nemaha,NE,31127,
68442,Nemaha,NE,31127,
68448,Nemaha,NE,31127,
68335,Nuckolls,NE,31129,
68934,Nuckolls,NE,31129,
68935,Nuckolls,NE,31129,
68938,Nuckolls,NE,31129,
68942,Nuckolls,NE,31129,
68943,Nuckolls,NE,31129,
68957,Nuckolls,NE,31129,
68961,Nuckolls,NE,31129,
68964,Nuckolls,NE,31129,
68974,Nuckolls,NE,31129,
68978,Nuckolls,NE,31129,
68301,Otoe,NE,31131,
68307,Otoe,NE,31131,
68317,Otoe,NE,31131,
68320,Otoe,NE,31131,
68324,Otoe,NE,31131,
68329,Otoe,NE,31131,
68344,Otoe,NE,31131,
68346,Otoe,NE,31131,
68347,Otoe,NE,31131,
68379,Otoe,NE,31131,
68382,Otoe,NE,31131,
68410,Otoe,NE,31131,
68413,Otoe,NE,31131,
68417,Otoe,NE,31131,
68418,Otoe,NE,31131,
68421,Otoe,NE,31131,
68443,Otoe,NE,31131,
68446,Otoe,NE,31131,
68448,Otoe,NE,31131,
68454,Otoe,NE,31131,
68455,Otoe,NE,31131,
68461,Otoe,NE,31131,
68323,Pawnee,NE,31133,
68345,Pawnee,NE,31133,
68376,Pawnee,NE,31133,
68380,Pawnee,NE,31133,
68381,Pawnee,NE,31133,
68420,Pawnee,NE,31133,
68441,Pawnee,NE,31133,
68447,Pawnee,NE,31133,
68458,Pawnee,NE,31133,
69033,Perkins,NE,31135,
69122,Perkins,NE,31135,
69134,Perkins,NE,31135,
69140,Perkins,NE,31135,
69150,Perkins,NE,31135,
69153,Perkins,NE,31135,
69155,Perkins,NE,31135,
69168,Perkins,NE,31135,
69169,Perkins,NE,31135,
68836,Phelps,NE,31137,
68845,Phelps,NE,31137,
68863,Phelps,NE,31137,
68923,Phelps,NE,31137,
68924,Phelps,NE,31137,
68927,Phelps,NE,31137,
68940,Phelps,NE,31137,
68949,Phelps,NE,31137,
68958,Phelps,NE,31137,
68982,Phelps,NE,31137,
68701,Pierce,NE,31139,
68729,Pierce,NE,31139,
68738,Pierce,NE,31139,
68747,Pierce,NE,31139,
68752,Pierce,NE,31139,
68765,Pierce,NE,31139,
68767,Pierce,NE,31139,
68769,Pierce,NE,31139,
68771,Pierce,NE,31139,
68781,Pierce,NE,31139,
68786,Pierce,NE,31139,
68601,Platte,NE,31141,
68602,Platte,NE,31141,
68631,Platte,NE,31141,
68634,Platte,NE,31141,
68640,Platte,NE,31141,
68642,Platte,NE,31141,
68643,Platte,NE,31141,
68644,Platte,NE,31141,
68647,Platte,NE,31141,
68653,Platte,NE,31141,
68660,Platte,NE,31141,
68748,Platte,NE,31141,
68758,Platte,NE,31141,
68316,Polk,NE,31143,
68367,Polk,NE,31143,
68601,Polk,NE,31143,
68628,Polk,NE,31143,
68651,Polk,NE,31143,
68654,Polk,NE,31143,
68662,Polk,NE,31143,
68663,Polk,NE,31143,
68666,Polk,NE,31143,
69001,Red Willow,NE,31145,
69020,Red Willow,NE,31145,
69022,Red Willow,NE,31145,
69026,Red Willow,NE,31145,
69034,Red Willow,NE,31145,
69036,Red Willow,NE,31145,
69046,Red Willow,NE,31145,
68337,Richardson,NE,31147,
68345,Richardson,NE,31147,
68355,Richardson,NE,31147,
68376,Richardson,NE,31147,
68431,Richardson,NE,31147,
68433,Richardson,NE,31147,
68437,Richardson,NE,31147,
68442,Richardson,NE,31147,
68457,Richardson,NE,31147,
68714,Rock,NE,31149,
68759,Rock,NE,31149,
68823,Rock,NE,31149,
69217,Rock,NE,31149,
68333,Saline,NE,31151,
68339,Saline,NE,31151,
68341,Saline,NE,31151,
68343,Saline,NE,31151,
68359,Saline,NE,31151,
68405,Saline,NE,31151,
68406,Saline,NE,31151,
68424,Saline,NE,31151,
68445,Saline,NE,31151,
68453,Saline,NE,31151,
68464,Saline,NE,31151,
68465,Saline,NE,31151,
68005,Sarpy,NE,31153,
68028,Sarpy,NE,31153,
68046,Sarpy,NE,31153,
68056,Sarpy,NE,31153,
68059,Sarpy,NE,31153,
68069,Sarpy,NE,31153,
68113,Sarpy,NE,31153,
68123,Sarpy,NE,31153,
68128,Sarpy,NE,31153,
68133,Sarpy,NE,31153,
68136,Sarpy,NE,31153,
68138,Sarpy,NE,31153,
68147,Sarpy,NE,31153,
68157,Sarpy,NE,31153,
68003,Saunders,NE,31155,
68015,Saunders,NE,31155,
68017,Saunders,NE,31155,
68018,Saunders,NE,31155,
68025,Saunders,NE,31155,
68033,Saunders,NE,31155,
68036,Saunders,NE,31155,
68040,Saunders,NE,31155,
68041,Saunders,NE,31155,
68042,Saunders,NE,31155,
68050,Saunders,NE,31155,
68064,Saunders,NE,31155,
68065,Saunders,NE,31155,
68066,Saunders,NE,31155,
68070,Saunders,NE,31155,
68073,Saunders,NE,31155,
68366,Saunders,NE,31155,
68648,Saunders,NE,31155,
69334,Scotts Bluff,NE,31157,
69341,Scotts Bluff,NE,31157,
69352,Scotts Bluff,NE,31157,
69355,Scotts Bluff,NE,31157,
69356,Scotts Bluff,NE,31157,
69357,Scotts Bluff,NE,31157,
69358,Scotts Bluff,NE,31157,
69361,Scotts Bluff,NE,31157,
68065,Seward,NE,31159,
68313,Seward,NE,31159,
68314,Seward,NE,31159,
68330,Seward,NE,31159,
68339,Seward,NE,31159,
68343,Seward,NE,31159,
68359,Seward,NE,31159,
68360,Seward,NE,31159,
68364,Seward,NE,31159,
68367,Seward,NE,31159,
68405,Seward,NE,31159,
68423,Seward,NE,31159,
68428,Seward,NE,31159,
68434,Seward,NE,31159,
68439,Seward,NE,31159,
68456,Seward,NE,31159,
68460,Seward,NE,31159,
68528,Seward,NE,31159,
68669,Seward,NE,31159,
69301,Sheridan,NE,31161,
69333,Sheridan,NE,31161,
69335,Sheridan,NE,31161,
69337,Sheridan,NE,31161,
69340,Sheridan,NE,31161,
69343,Sheridan,NE,31161,
69347,Sheridan,NE,31161,
69351,Sheridan,NE,31161,
69360,Sheridan,NE,31161,
69365,Sheridan,NE,31161,
68815,Sherman,NE,31163,
68817,Sherman,NE,31163,
68820,Sherman,NE,31163,
68844,Sherman,NE,31163,
68852,Sherman,NE,31163,
68853,Sherman,NE,31163,
68869,Sherman,NE,31163,
68871,Sherman,NE,31163,
69301,Sioux,NE,31165,
69339,Sioux,NE,31165,
69346,Sioux,NE,31165,
69348,Sioux,NE,31165,
69354,Sioux,NE,31165,
69356,Sioux,NE,31165,
69357,Sioux,NE,31165,
69358,Sioux,NE,31165,
69361,Sioux,NE,31165,
68629,Stanton,NE,31167,
68631,Stanton,NE,31167,
68641,Stanton,NE,31167,
68643,Stanton,NE,31167,
68701,Stanton,NE,31167,
68748,Stanton,NE,31167,
68768,Stanton,NE,31167,
68779,Stanton,NE,31167,
68303,Thayer,NE,31169,
68315,Thayer,NE,31169,
68322,Thayer,NE,31169,
68325,Thayer,NE,31169,
68326,Thayer,NE,31169,
68327,Thayer,NE,31169,
68335,Thayer,NE,31169,
68340,Thayer,NE,31169,
68362,Thayer,NE,31169,
68370,Thayer,NE,31169,
68375,Thayer,NE,31169,
68429,Thayer,NE,31169,
69142,Thomas,NE,31171,
69161,Thomas,NE,31171,
69163,Thomas,NE,31171,
69166,Thomas,NE,31171,
68020,Thurston,NE,31173,
68038,Thurston,NE,31173,
68039,Thurston,NE,31173,
68047,Thurston,NE,31173,
68055,Thurston,NE,31173,
68062,Thurston,NE,31173,
68067,Thurston,NE,31173,
68071,Thurston,NE,31173,
68733,Thurston,NE,31173,
68784,Thurston,NE,31173,
68815,Valley,NE,31175,
68823,Valley,NE,31175,
68837,Valley,NE,31175,
68859,Valley,NE,31175,
68862,Valley,NE,31175,
68002,Washington,NE,31177,
68007,Washington,NE,31177,
68008,Washington,NE,31177,
68023,Washington,NE,31177,
68025,Washington,NE,31177,
68029,Washington,NE,31177,
68031,Washington,NE,31177,
68034,Washington,NE,31177,
68044,Washington,NE,31177,
68064,Washington,NE,31177,
68068,Washington,NE,31177,
68112,Washington,NE,31177,
68122,Washington,NE,31177,
68142,Washington,NE,31177,
68152,Washington,NE,31177,
68047,Wayne,NE,31179,
68723,Wayne,NE,31179,
68733,Wayne,NE,31179,
68740,Wayne,NE,31179,
68745,Wayne,NE,31179,
68768,Wayne,NE,31179,
68771,Wayne,NE,31179,
68784,Wayne,NE,31179,
68787,Wayne,NE,31179,
68790,Wayne,NE,31179,
68791,Wayne,NE,31179,
68928,Webster,NE,31181,
68930,Webster,NE,31181,
68932,Webster,NE,31181,
68942,Webster,NE,31181,
68952,Webster,NE,31181,
68957,Webster,NE,31181,
68970,Webster,NE,31181,
68622,Wheeler,NE,31183,
68636,Wheeler,NE,31183,
68637,Wheeler,NE,31183,
68665,Wheeler,NE,31183,
68725,Wheeler,NE,31183,
68735,Wheeler,NE,31183,
68316,York,NE,31185,
68319,York,NE,31185,
68351,York,NE,31185,
68354,York,NE,31185,
68365,York,NE,31185,
68367,York,NE,31185,
68371,York,NE,31185,
68401,York,NE,31185,
68460,York,NE,31185,
68467,York,NE,31185,
68654,York,NE,31185,
68666,York,NE,31185,
68843,York,NE,31185,
68979,York,NE,31185,
88119,De Baca,NM,35011,
88136,De Baca,NM,35011,
12093,Delaware,NY,36025,
12155,Delaware,NY,36025,
12167,Delaware,NY,36025,
12406,Delaware,NY,36025,
12421,Delaware,NY,36025,
12430,Delaware,NY,36025,
12434,Delaware,NY,36025,
12438,Delaware,NY,36025,
12455,Delaware,NY,36025,
12459,Delaware,NY,36025,
12465,Delaware,NY,36025,
12468,Delaware,NY,36025,
12474,Delaware,NY,36025,
12758,Delaware,NY,36025,
12760,Delaware,NY,36025,
12776,Delaware,NY,36025,
13731,Delaware,NY,36025,
13733,Delaware,NY,36025,
13739,Delaware,NY,36025,
13740,Delaware,NY,36025,
13750,Delaware,NY,36025,
13751,Delaware,NY,36025,
13752,Delaware,NY,36025,
13753,Delaware,NY,36025,
13754,Delaware,NY,36025,
13755,Delaware,NY,36025,
13756,Delaware,NY,36025,
13757,Delaware,NY,36025,
13774,Delaware,NY,36025,
13775,Delaware,NY,36025,
13782,Delaware,NY,36025,
13783,Delaware,NY,36025,
13786,Delaware,NY,36025,
13788,Delaware,NY,36025,
13804,Delaware,NY,36025,
13806,Delaware,NY,36025,
13820,Delaware,NY,36025,
13825,Delaware,NY,36025,
13838,Delaware,NY,36025,
13839,Delaware,NY,36025,
13842,Delaware,NY,36025,
13846,Delaware,NY,36025,
13847,Delaware,NY,36025,
13849,Delaware,NY,36025,
13856,Delaware,NY,36025,
13860,Delaware,NY,36025,
45614,Gallia,OH,39053,
45620,Gallia,OH,39053,
45623,Gallia,OH,39053,
45631,Gallia,OH,39053,
45643,Gallia,OH,39053,
45656,Gallia,OH,39053,
45658,Gallia,OH,39053,
45674,Gallia,OH,39053,
45678,Gallia,OH,39053,
45685,Gallia,OH,39053,
45686,Gallia,OH,39053,
45688,Gallia,OH,39053,
45760,Gallia,OH,39053,
57040,Bon Homme,SD,46009,
57059,Bon Homme,SD,46009,
57062,Bon Homme,SD,46009,
57063,Bon Homme,SD,46009,
57066,Bon Homme,SD,46009,
57315,Bon Homme,SD,46009,
57376,Bon Homme,SD,46009,
79847,Culberson,TX,48109,
79855,Culberson,TX,48109,
79033,Ochiltree,TX,48357,
79070,Ochiltree,TX,48357,
79093,Ochiltree,TX,48357,
79003,Wheeler,TX,48483,
79011,Wheeler,TX,48483,
79014,Wheeler,TX,48483,
79057,Wheeler,TX,48483,
79061,Wheeler,TX,48483,
79079,Wheeler,TX,48483,
79096,Wheeler,TX,48483,
53504,Lafayette,WI,55065,
53510,Lafayette,WI,55065,
53516,Lafayette,WI,55065,
53522,Lafayette,WI,55065,
53530,Lafayette,WI,55065,
53541,Lafayette,WI,55065,
53565,Lafayette,WI,55065,
53586,Lafayette,WI,55065,
53587,Lafayette,WI,55065,
53599,Lafayette,WI,55065,
53803,Lafayette,WI,55065,
53807,Lafayette,WI,55065,
53811,Lafayette,WI,55065,
53818,Lafayette,WI,55065,
